ID	위치…
00001	S01_001-0-0
00002	S01_001-0-1
00003	S01_001-0-2
00004	S01_001-0-3
00005	S01_001-0-4
00006	S01_001-1-0
00007	S01_001-2-0
00008	S01_001-2-1
00009	S01_001-2-2
00010	S01_001-2-3
00011	S01_001-2-4
00012	S01_001-2-5
00013	S01_001-3-0
00014	S01_001-4-0
00015	S01_001-5-0
00016	S01_001-6-0
00017	S01_001-6-1
00018	S01_001-6-2
00019	S01_001-6-3
00020	S01_001-7-0
00021	S01_001-8-0
00022	S01_001-8-1
00023	S01_001-8-2
00024	S01_001-8-3
00025	S01_001-8-4
00026	S01_001-8-5
00027	S01_001-8-6
00028	S01_001-9-0
00029	S01_001-10-0
00030	S01_001-10-1
00031	S01_001-11-0
00032	S01_001-11-1
00033	S01_001-11-2
00034	S01_001-11-3
00035	S01_001-11-4
00036	S01_001-11-5
00037	S01_001-11-6
00038	S01_001-11-7
00039	S01_001-12-0
00040	S01_001-12-1
00041	S01_001-12-2
00042	S01_001-13-0
00043	S01_001-13-1
00044	S01_001-13-2
00045	S01_001-14-0
00046	S01_001-15-0
00047	S01_001-15-1
00048	S01_001-16-0
00049	S01_001-16-1
00050	S01_001-16-2
00051	S01_001-17-0
00052	S01_001-18-0
00053	S01_001-19-0
00054	S01_001-19-1
00055	S01_001-19-2
00056	S01_001-19-3
00057	S01_001-19-4
00058	S01_001-19-5
00059	S01_001-20-0
00060	S01_001-20-1
00061	S01_001-21-0
00062	S01_001-23-0
00063	S01_001-23-1
00064	S01_001-24-0
00065	S01_001-24-1
00066	S01_001-24-2
00067	S01_001-25-0
00068	S01_001-26-0
00069	S01_001-27-0
00070	S01_001-28-0
00071	S01_001-29-0
00072	S01_001-30-0
00073	S01_001-31-0
00074	S01_001-32-0
00075	S01_001-33-0	S01_006-41-0
00076	S01_001-34-0
00077	S01_001-35-0
00078	S01_001-36-0
00079	S01_001-37-0
00080	S01_001-38-0
00081	S01_001-39-0
00082	S01_001-40-0
00083	S01_001-41-0
00084	S01_001-42-0
00085	S01_001-44-0
00086	S01_001-45-0
00087	S01_001-46-0
00088	S01_001-47-0
00089	S01_001-48-0
00090	S01_001-49-0
00091	S01_001-50-0
00092	S01_001-50-1
00093	S01_001-51-0
00094	S01_001-52-0
00095	S01_001-53-0
00096	S01_001-53-1
00097	S01_001-54-0	S01_010-19-0	S02_042-11-0	S02_042-19-0
00098	S01_001-55-0
00099	S01_001-56-0
00100	S01_001-57-0
00101	S01_001-57-1
00102	S01_001-57-2
00103	S01_001-58-0	S03_048-6-0
00104	S01_001-58-1
00105	S01_001-59-0
00106	S01_001-60-0
00107	S01_001-61-0
00108	S01_001-62-0
00109	S01_001-63-0
00110	S01_001-63-1
00111	S01_001-63-2
00112	S01_001-63-3
00113	S01_001-63-4
00114	S01_001-64-0
00115	S01_001-66-0
00116	S01_001-67-0	S02_042-59-0	S03_048-37-0	S06_057-43-0	S07_061-13-0	S13_081-28-0	S15_091-47-0
00117	S01_001-71-0	S02_042-66-0	S03_048-48-0	S06_057-47-0	S07_061-17-0	S08_069-74-0	S13_081-33-0	S14_089-30-0	S15_091-63-0	S16_099-37-0
00118	S01_001-71-1	S02_042-66-1	S03_048-48-1	S06_057-47-1	S07_061-17-1	S08_069-74-1	S13_081-33-1	S14_089-30-1	S15_091-63-1	S16_099-37-1
00119	S01_001-71-2	S02_042-66-2	S03_048-48-2	S06_057-47-2	S07_061-17-2	S08_069-74-2	S13_081-33-2	S14_089-30-2	S15_091-63-2	S16_099-37-2
00120	S01_001-72-0
00121	S01_001-73-0
00122	S01_001-75-0	S02_042-70-0	S03_048-53-0	S07_061-21-0	S08_069-80-0	S13_081-37-0	S14_089-34-0	S15_091-67-0	S16_099-41-0
00123	S01_001-75-1
00124	S01_001-75-2	S02_042-70-2	S03_048-53-2
00125	S01_001-77-0
00126	S01_001-77-1
00127	S01_001-78-0	S02_042-72-0	S03_048-55-0
00128	S01_001-78-1	S02_042-72-1	S03_048-55-1
00129	S01_001-78-2	S02_042-72-3	S03_048-55-3
00130	S01_001-78-3	S02_042-72-4	S03_048-55-4
00131	S01_001-78-4	S03_048-55-5
00132	S01_001-78-5	S02_042-72-6	S03_048-55-6
00133	S01_001-78-6	S02_042-72-7	S03_048-55-7
00134	S01_001-78-7	S02_042-72-8	S03_048-55-8
00135	S01_001-78-8	S02_042-72-9	S03_048-55-10
00136	S01_001-79-0	S01_006-40-0
00137	S01_001-80-0
00138	S01_006-0-0
00139	S01_006-0-1
00140	S01_006-0-2
00141	S01_006-0-3
00142	S01_006-0-4
00143	S01_006-0-5
00144	S01_006-0-6
00145	S01_006-0-7
00146	S01_006-1-0
00147	S01_006-1-1
00148	S01_006-2-0
00149	S01_006-3-0
00150	S01_006-3-1	S01_006-9-1	S01_006-15-1	S01_006-21-1	S01_006-27-1	S01_006-32-1	S02_046-3-1	S02_046-9-1	S02_046-15-1	S02_046-21-1	S02_046-27-1	S03_04C-3-1	S03_04C-9-1
00151	S01_006-3-2	S01_006-9-2	S01_006-15-2	S01_006-21-2	S01_006-27-2	S01_006-32-2	S02_046-3-2	S02_046-5-3	S02_046-6-6	S02_046-7-4	S02_046-9-2	S02_046-15-2	S02_046-17-2	S02_046-18-4	S02_046-19-4	S02_046-21-2	S02_046-23-2	S02_046-24-6	S02_046-25-5	S02_046-27-2	S02_046-29-3	S02_046-30-7	S02_046-31-4	S03_04C-3-2	S03_04C-5-2	S03_04C-6-4	S03_04C-7-5	S03_04C-9-2	S03_04C-11-2	S03_04C-12-2	S03_04C-13-3
00152	S01_006-4-0	S01_006-10-0	S01_006-22-0	S01_006-28-0	S01_006-33-0	S02_046-10-0	S02_046-16-0	S02_046-22-0	S02_046-28-0	S03_04C-4-0	S03_04C-10-0
00153	S01_006-4-1
00154	S01_006-6-0
00155	S01_006-6-1
00156	S01_006-6-2
00157	S01_006-6-3
00158	S01_006-6-4	S01_006-7-8	S01_006-11-5	S01_006-12-5	S01_006-13-4	S01_006-19-6	S01_006-23-2	S01_006-24-3	S01_006-25-2	S01_006-29-3	S01_006-30-7	S01_006-31-12	S01_006-34-5	S01_006-35-6	S01_006-36-6	S02_046-5-2	S02_046-6-5	S02_046-7-3	S02_046-11-2	S02_046-12-3	S02_046-13-3	S02_046-17-1	S02_046-18-3	S02_046-19-3	S02_046-23-1	S02_046-24-5	S02_046-25-4	S02_046-29-2	S02_046-30-6	S02_046-31-3	S03_04C-5-1	S03_04C-6-3	S03_04C-7-4	S03_04C-11-1	S03_04C-12-1	S03_04C-13-2
00159	S01_006-6-5	S01_006-7-9	S01_006-8-9	S01_006-11-6	S01_006-12-6	S01_006-13-5	S01_006-17-5	S01_006-18-5	S01_006-19-7	S01_006-23-3	S01_006-24-4	S01_006-25-3	S01_006-29-4	S01_006-30-8	S01_006-31-13	S01_006-34-6	S01_006-35-7	S01_006-36-7	S02_046-11-3	S02_046-12-4	S02_046-13-4
00160	S01_006-7-0
00161	S01_006-7-1
00162	S01_006-7-2
00163	S01_006-7-3
00164	S01_006-7-4
00165	S01_006-7-5
00166	S01_006-7-6
00167	S01_006-7-7
00168	S01_006-8-0
00169	S01_006-8-1
00170	S01_006-8-2
00171	S01_006-8-3
00172	S01_006-8-4
00173	S01_006-8-5
00174	S01_006-8-6
00175	S01_006-8-7
00176	S01_006-8-8
00177	S01_006-9-0
00178	S01_006-10-1
00179	S01_006-11-0
00180	S01_006-11-1
00181	S01_006-11-2
00182	S01_006-11-3
00183	S01_006-11-4
00184	S01_006-12-0
00185	S01_006-12-1
00186	S01_006-12-2
00187	S01_006-12-3
00188	S01_006-12-4
00189	S01_006-13-0
00190	S01_006-13-1
00191	S01_006-13-2
00192	S01_006-13-3
00193	S01_006-15-0
00194	S01_006-16-0	S02_046-4-0
00195	S01_006-16-1
00196	S01_006-17-0
00197	S01_006-17-1
00198	S01_006-17-2
00199	S01_006-17-3
00200	S01_006-17-4
00201	S01_006-18-0
00202	S01_006-18-1
00203	S01_006-18-2
00204	S01_006-18-3
00205	S01_006-18-4
00206	S01_006-19-0
00207	S01_006-19-1
00208	S01_006-19-2
00209	S01_006-19-3
00210	S01_006-19-4
00211	S01_006-19-5
00212	S01_006-21-0	S02_046-9-0
00213	S01_006-22-1	S02_046-10-1	S02_046-16-1	S02_046-22-1	S02_046-28-1	S03_04C-4-1	S03_04C-10-1
00214	S01_006-23-0	S02_046-11-0
00215	S01_006-23-1	S02_046-11-1
00216	S01_006-24-0
00217	S01_006-24-1	S02_046-12-1
00218	S01_006-24-2	S02_046-12-2
00219	S01_006-25-0
00220	S01_006-25-1	S02_046-13-1
00221	S01_006-27-0
00222	S01_006-28-1
00223	S01_006-29-0
00224	S01_006-29-1
00225	S01_006-29-2
00226	S01_006-30-0
00227	S01_006-30-1	S01_006-31-1
00228	S01_006-30-2
00229	S01_006-30-3
00230	S01_006-30-4
00231	S01_006-30-5
00232	S01_006-30-6
00233	S01_006-31-0
00234	S01_006-31-2
00235	S01_006-31-3
00236	S01_006-31-4
00237	S01_006-31-5
00238	S01_006-31-6
00239	S01_006-31-7
00240	S01_006-31-8
00241	S01_006-31-9
00242	S01_006-31-10
00243	S01_006-31-11
00244	S01_006-32-0
00245	S01_006-33-1
00246	S01_006-34-0
00247	S01_006-34-1
00248	S01_006-34-2
00249	S01_006-34-3
00250	S01_006-34-4
00251	S01_006-35-0
00252	S01_006-35-1
00253	S01_006-35-2
00254	S01_006-35-3
00255	S01_006-35-4
00256	S01_006-35-5
00257	S01_006-36-0
00258	S01_006-36-1
00259	S01_006-36-2
00260	S01_006-36-3
00261	S01_006-36-4
00262	S01_006-36-5
00263	S01_006-38-0
00264	S01_006-39-0	S02_046-37-0	S03_04C-18-0
00265	S01_006-39-1	S02_046-37-1	S03_04C-18-1
00266	S01_006-39-2	S02_046-37-2	S03_04C-18-2
00267	S01_006-39-3	S02_046-37-3	S03_04C-18-3
00268	S01_006-39-4	S02_046-37-4	S03_04C-18-4
00269	S01_006-39-5	S02_046-37-5	S03_04C-18-5
00270	S01_006-39-6	S02_046-37-6	S03_04C-18-6
00271	S01_006-39-7	S02_046-37-7	S03_04C-18-7
00272	S01_006-39-8	S02_046-37-8	S03_04C-18-8
00273	S01_006-39-9	S02_046-37-9	S03_04C-18-9
00274	S01_006-39-10	S02_046-37-10	S03_04C-18-10
00275	S01_006-39-11	S02_046-37-11	S03_04C-18-11
00276	S01_007-0-0
00277	S01_007-0-1
00278	S01_007-0-2
00279	S01_007-1-0
00280	S01_007-2-0
00281	S01_007-2-1
00282	S01_007-3-0
00283	S01_007-4-0
00284	S01_007-4-1
00285	S01_007-5-0
00286	S01_007-6-0
00287	S01_007-7-0
00288	S01_007-8-0
00289	S01_007-8-1
00290	S01_007-8-2
00291	S01_007-9-0
00292	S01_007-9-1
00293	S01_007-10-0
00294	S01_007-10-1
00295	S01_007-11-0
00296	S01_007-12-0
00297	S01_007-13-0	S01_007-14-0
00298	S01_007-13-1
00299	S01_007-13-2
00300	S01_007-15-0
00301	S01_007-16-0
00302	S01_007-17-0
00303	S01_007-17-1
00304	S01_007-17-2
00305	S01_007-18-0
00306	S01_007-19-0
00307	S01_007-19-1
00308	S01_007-19-2
00309	S01_007-20-0
00310	S01_007-20-1
00311	S01_007-20-2
00312	S01_007-20-3
00313	S01_007-21-0
00314	S01_007-21-1
00315	S01_007-22-0
00316	S01_007-22-1
00317	S01_007-22-2
00318	S01_007-22-3
00319	S01_007-23-0
00320	S01_007-23-1
00321	S01_007-24-0
00322	S01_007-24-1
00323	S01_007-25-0
00324	S01_007-25-1
00325	S01_007-25-2
00326	S01_007-26-0
00327	S01_007-27-0
00328	S01_007-27-1
00329	S01_007-27-2
00330	S01_007-27-3
00331	S01_007-28-0
00332	S01_007-29-0
00333	S01_007-30-0
00334	S01_007-30-1
00335	S01_007-30-2
00336	S01_007-30-3
00337	S01_007-31-0
00338	S01_007-32-0
00339	S01_007-33-0
00340	S01_007-33-1
00341	S01_007-33-2
00342	S01_007-34-0
00343	S01_007-35-0
00344	S01_007-36-0
00345	S01_007-36-1
00346	S01_007-37-0
00347	S01_007-37-1
00348	S01_007-38-0
00349	S01_007-39-0
00350	S01_007-40-0
00351	S01_007-41-0
00352	S01_008-0-0
00353	S01_008-0-1
00354	S01_008-0-2
00355	S01_008-1-0
00356	S01_008-1-1
00357	S01_008-2-0
00358	S01_008-2-1
00359	S01_008-2-2
00360	S01_008-3-0
00361	S01_008-3-1	S02_009-32-1	S02_009-35-1	S02_009-92-0	S15_091-73-0
00362	S01_008-4-0
00363	S01_008-4-1
00364	S01_008-4-2
00365	S01_008-5-0
00366	S01_008-6-0
00367	S01_008-7-0
00368	S01_008-7-1
00369	S01_008-8-0
00370	S01_008-9-0
00371	S01_008-9-1
00372	S01_008-9-2
00373	S01_008-10-0
00374	S01_008-10-1
00375	S01_008-10-2
00376	S01_008-11-0
00377	S01_008-11-1
00378	S01_008-12-0
00379	S01_008-13-0
00380	S01_008-14-0
00381	S01_008-15-0
00382	S01_008-16-0
00383	S01_008-17-0
00384	S01_008-18-0
00385	S01_008-18-1
00386	S01_008-18-2
00387	S01_008-19-0
00388	S01_008-20-0
00389	S01_008-21-0
00390	S01_008-22-0
00391	S01_008-22-1
00392	S01_008-22-2
00393	S01_008-22-3
00394	S01_008-22-4
00395	S01_008-22-5
00396	S01_008-22-6
00397	S01_008-22-7
00398	S01_010-1-0
00399	S01_010-2-0
00400	S01_010-3-0
00401	S01_010-3-1
00402	S01_010-4-0
00403	S01_010-5-0
00404	S01_010-6-0
00405	S01_010-7-0
00406	S01_010-8-0
00407	S01_010-9-0
00408	S01_010-10-0
00409	S01_010-11-0
00410	S01_010-12-0
00411	S01_010-13-0
00412	S01_010-13-1
00413	S01_010-13-2
00414	S01_010-14-0
00415	S01_010-15-0
00416	S01_010-15-1
00417	S01_010-16-0
00418	S01_010-16-1
00419	S01_010-17-0
00420	S01_010-18-0
00421	S01_010-18-1
00422	S01_010-18-2
00423	S01_010-20-0
00424	S01_010-21-0
00425	S01_010-22-0	S07_028-48-10	S13_033-11-0	S14_089-7-0	S15_0B4-1-6	S15_0B4-1-22	S15_0B4-1-25
00426	S01_010-23-0
00427	S01_010-23-1
00428	S01_010-24-0
00429	S01_010-25-0
00430	S01_010-26-0
00431	S01_010-27-0
00432	S01_010-28-0
00433	S01_010-29-0
00434	S01_010-29-1
00435	S01_010-29-2
00436	S01_010-29-3
00437	S01_010-29-4
00438	S01_010-30-0
00439	S01_010-30-1
00440	S01_010-30-2
00441	S01_010-31-0
00442	S01_010-32-0
00443	S01_010-32-1
00444	S01_010-33-0
00445	S01_010-34-0
00446	S01_010-35-0
00447	S01_010-36-0
00448	S01_010-36-1
00449	S01_010-37-0
00450	S01_010-38-0
00451	S01_010-39-0
00452	S01_010-40-0
00453	S01_010-40-1
00454	S01_010-40-2
00455	S01_010-40-3
00456	S01_010-41-0
00457	S01_010-41-1
00458	S01_02E-0-0
00459	S01_02E-0-1
00460	S01_02E-1-0
00461	S01_02E-1-1
00462	S01_02E-1-2
00463	S01_02E-2-0
00464	S01_02E-3-0
00465	S01_02E-3-1
00466	S01_02E-3-2
00467	S01_02E-4-0
00468	S01_02E-5-0
00469	S01_02E-5-1
00470	S01_02E-5-2
00471	S01_02E-6-0
00472	S01_02E-6-1
00473	S01_02E-6-2
00474	S01_02E-7-0
00475	S01_02E-7-1
00476	S01_02E-8-0
00477	S01_02E-9-0
00478	S01_02E-10-0
00479	S01_02E-11-0
00480	S01_02E-11-1
00481	S01_02E-11-2
00482	S01_02E-11-3
00483	S01_02E-11-4
00484	S01_02E-11-5
00485	S01_02E-11-6
00486	S01_02E-11-7
00487	S01_02E-11-8
00488	S01_02E-11-9
00489	S01_02E-11-10
00490	S01_02E-11-11
00491	S01_02E-11-12
00492	S01_02E-11-13
00493	S01_02E-11-14
00494	S01_02E-11-15
00495	S01_02E-11-16
00496	S01_02E-11-17
00497	S01_02E-11-18
00498	S01_02E-11-19
00499	S01_02E-11-20	S03_048-1-4	S04_16A-1-1	S07_01C-52-9	S11_047-61-2	S11_071-2-19	S15_091-62-14
00500	S02_009-0-0
00501	S02_009-1-0
00502	S02_009-1-1
00503	S02_009-1-2
00504	S02_009-2-0
00505	S02_009-3-0
00506	S02_009-3-1
00507	S02_009-4-0
00508	S02_009-5-0
00509	S02_009-6-0
00510	S02_009-7-0
00511	S02_009-7-1
00512	S02_009-8-0
00513	S02_009-9-0
00514	S02_009-10-0
00515	S02_009-10-1
00516	S02_009-11-0
00517	S02_009-11-1
00518	S02_009-11-2	S02_009-18-3
00519	S02_009-12-0
00520	S02_009-12-1
00521	S02_009-13-0
00522	S02_009-13-1
00523	S02_009-14-0
00524	S02_009-15-0
00525	S02_009-15-1
00526	S02_009-16-0
00527	S02_009-16-1
00528	S02_009-17-0
00529	S02_009-17-1
00530	S02_009-17-2
00531	S02_009-18-0
00532	S02_009-18-1
00533	S02_009-18-2
00534	S02_009-19-0
00535	S02_009-19-1
00536	S02_009-19-2
00537	S02_009-20-0
00538	S02_009-21-0
00539	S02_009-22-0
00540	S02_009-23-0
00541	S02_009-24-0
00542	S02_009-25-0
00543	S02_009-26-0
00544	S02_009-26-1
00545	S02_009-27-0
00546	S02_009-28-0
00547	S02_009-29-0
00548	S02_009-30-0	S02_009-33-0
00549	S02_009-31-0
00550	S02_009-31-1
00551	S02_009-32-0
00552	S02_009-33-1
00553	S02_009-34-0
00554	S02_009-35-0
00555	S02_009-36-0
00556	S02_009-37-0
00557	S02_009-38-0
00558	S02_009-38-1
00559	S02_009-39-0	S02_009-64-0
00560	S02_009-43-0	S02_009-51-0	S02_009-57-0	S02_009-69-0	S02_009-77-0	S02_009-83-0
00561	S02_009-44-0	S02_009-52-0	S02_009-59-0	S02_009-70-0	S02_009-76-0	S02_009-82-0
00562	S02_009-45-0	S02_009-50-0	S02_009-58-0	S02_009-68-0	S02_009-75-0	S02_009-84-0
00563	S02_009-46-0	S02_009-71-0
00564	S02_009-53-0	S02_009-78-0
00565	S02_009-60-0	S02_009-85-0
00566	S02_009-62-0
00567	S02_009-63-0
00568	S02_009-87-0
00569	S02_009-88-0	S02_009-89-0
00570	S02_009-88-1	S02_009-89-1
00571	S02_009-90-0
00572	S02_009-90-1
00573	S02_009-90-2
00574	S02_009-90-3
00575	S02_009-91-0
00576	S02_009-91-1
00577	S02_009-91-2
00578	S02_009-91-3
00579	S02_009-91-4
00580	S02_009-91-5
00581	S02_009-91-6
00582	S02_009-91-7
00583	S02_009-91-8
00584	S02_009-91-9
00585	S02_009-91-10
00586	S02_009-91-11
00587	S02_009-91-12
00588	S02_009-91-13
00589	S02_009-91-14
00590	S02_009-91-15
00591	S02_009-91-16
00592	S02_009-93-0	S06_02C-64-0	S06_031-31-0	S07_028-47-0
00593	S02_018-0-0	S03_013-84-0	S03_013-85-0	S03_013-86-0	S03_013-87-0	S03_013-88-0	S04_16B-9-0	S04_16B-10-0	S04_16C-6-0	S04_16C-7-0	S04_16C-8-0	S06_03C-5-0	S06_03C-6-0	S06_03C-8-0	S07_00F-0-0	S07_00F-1-0	S07_00F-4-0	S07_01D-3-0	S07_03F-0-0	S07_03F-1-0	S07_04D-0-0	S07_04F-0-0	S12_077-78-0	S12_077-93-0	S12_077-99-0	S12_077-106-0	S12_077-110-0	S13_0A9-1-0	S13_0A9-2-0	S13_0A9-5-0	S13_0A9-6-0	S13_0A9-7-0	S13_0A9-8-0	S13_0A9-9-0	S13_0A9-10-0	S13_0A9-11-0	S13_0AD-0-0	S13_0AD-3-0	S13_0AD-4-0	S13_0AD-5-0	S13_0AD-6-0
00594	S02_018-3-0
00595	S02_018-4-0
00596	S02_018-5-0
00597	S02_018-6-0
00598	S02_018-6-1
00599	S02_018-7-0
00600	S02_018-9-0
00601	S02_018-9-1
00602	S02_018-9-2
00603	S02_018-9-3
00604	S02_018-9-4
00605	S02_01A-6-0
00606	S02_01A-7-0
00607	S02_01A-8-0
00608	S02_01A-8-1
00609	S02_01A-9-0
00610	S02_01A-10-0
00611	S02_01A-11-0
00612	S02_01A-11-1
00613	S02_01A-12-0
00614	S02_01A-13-0
00615	S02_01A-14-0
00616	S02_01A-14-1
00617	S02_01A-15-0
00618	S02_01A-16-0
00619	S02_01A-17-0
00620	S02_01A-18-0
00621	S02_01A-19-0
00622	S02_01A-19-1
00623	S02_01A-19-2
00624	S02_01A-20-0
00625	S02_01A-21-0
00626	S02_01A-21-1
00627	S02_01A-21-2
00628	S02_01A-22-0
00629	S02_01A-23-0
00630	S02_01A-24-0
00631	S02_01A-25-0
00632	S02_01A-26-0	S07_01D-1-0
00633	S02_01A-26-1
00634	S02_01A-27-0
00635	S02_01A-27-1
00636	S02_01A-28-0
00637	S02_01A-29-0
00638	S02_01A-30-0
00639	S02_01A-31-0
00640	S02_01A-32-0
00641	S02_01A-33-0
00642	S02_01A-34-0
00643	S02_01A-35-0
00644	S02_01A-35-1
00645	S02_01A-35-2
00646	S02_01A-35-3
00647	S02_01A-35-4
00648	S02_01A-36-0
00649	S02_01A-37-0
00650	S02_01A-37-1
00651	S02_01A-37-2
00652	S02_01A-37-3
00653	S02_03A-0-0
00654	S02_03A-1-0
00655	S02_03A-2-0
00656	S02_03A-3-0
00657	S02_03A-4-0
00658	S02_03A-4-1
00659	S02_03A-5-0
00660	S02_03A-5-1
00661	S02_03A-5-2
00662	S02_03A-6-0
00663	S02_03A-7-0
00664	S02_03A-8-0
00665	S02_03A-9-0
00666	S02_03A-9-1
00667	S02_03A-10-0	S02_03A-11-0	S02_03A-12-0
00668	S02_03A-10-1	S02_03A-11-1	S02_03A-12-1
00669	S02_03A-10-2	S02_03A-11-2	S02_03A-12-2
00670	S02_03A-12-3
00671	S02_03A-12-4
00672	S02_03A-13-0
00673	S02_03A-14-0	S02_03A-16-0
00674	S02_03A-16-1
00675	S02_03A-16-2
00676	S02_03A-16-3
00677	S02_03A-17-0
00678	S02_03A-18-0
00679	S02_03A-19-0
00680	S02_03A-20-0
00681	S02_03A-21-0
00682	S02_03A-22-0
00683	S02_03A-23-0
00684	S02_03A-24-0
00685	S02_03A-25-0
00686	S02_03A-26-0
00687	S02_03A-27-0
00688	S02_03A-28-0
00689	S02_03A-29-0
00690	S02_03A-30-0
00691	S02_03A-31-0
00692	S02_03A-32-0
00693	S02_03A-32-1
00694	S02_03A-33-0
00695	S02_03A-34-0
00696	S02_03A-35-0
00697	S02_042-0-0
00698	S02_042-0-1
00699	S02_042-1-0
00700	S02_042-2-0
00701	S02_042-3-0
00702	S02_042-4-0
00703	S02_042-5-0
00704	S02_042-6-0	S14_05D-6-0
00705	S02_042-7-0
00706	S02_042-7-1
00707	S02_042-8-0
00708	S02_042-9-0
00709	S02_042-10-0
00710	S02_042-10-1
00711	S02_042-10-2
00712	S02_042-12-0
00713	S02_042-12-1
00714	S02_042-12-2
00715	S02_042-12-3
00716	S02_042-14-0
00717	S02_042-14-1
00718	S02_042-15-0
00719	S02_042-15-1
00720	S02_042-15-2
00721	S02_042-16-0
00722	S02_042-16-1
00723	S02_042-16-2
00724	S02_042-17-0
00725	S02_042-18-0
00726	S02_042-20-0
00727	S02_042-21-0
00728	S02_042-22-0
00729	S02_042-23-0
00730	S02_042-24-0
00731	S02_042-24-1
00732	S02_042-24-2
00733	S02_042-25-0
00734	S02_042-25-1
00735	S02_042-26-0
00736	S02_042-26-1
00737	S02_042-27-0
00738	S02_042-27-1
00739	S02_042-27-2
00740	S02_042-27-3
00741	S02_042-28-0
00742	S02_042-29-0
00743	S02_042-30-0
00744	S02_042-31-0
00745	S02_042-31-1
00746	S02_042-31-2
00747	S02_042-31-3
00748	S02_042-31-4
00749	S02_042-31-5
00750	S02_042-31-6
00751	S02_042-31-7
00752	S02_042-31-8
00753	S02_042-31-9
00754	S02_042-32-0
00755	S02_042-32-1
00756	S02_042-33-0
00757	S02_042-34-0
00758	S02_042-35-0
00759	S02_042-36-0
00760	S02_042-36-1
00761	S02_042-37-0	S02_042-43-0
00762	S02_042-37-1	S02_042-43-1
00763	S02_042-37-2	S02_042-43-2
00764	S02_042-38-0
00765	S02_042-38-1
00766	S02_042-38-2
00767	S02_042-38-3
00768	S02_042-38-4
00769	S02_042-39-0
00770	S02_042-40-0
00771	S02_042-41-0
00772	S02_042-42-0
00773	S02_042-44-0
00774	S02_042-44-1
00775	S02_042-45-0
00776	S02_042-46-0
00777	S02_042-47-0
00778	S02_042-48-0
00779	S02_042-49-0
00780	S02_042-50-0
00781	S02_042-51-0
00782	S02_042-51-1
00783	S02_042-52-0
00784	S02_042-53-0
00785	S02_042-54-0
00786	S02_042-55-0
00787	S02_042-56-0
00788	S02_042-57-0
00789	S02_042-62-0
00790	S02_042-63-0
00791	S02_042-63-1
00792	S02_042-63-2
00793	S02_042-63-3
00794	S02_042-63-4
00795	S02_042-63-5
00796	S02_042-63-6
00797	S02_042-63-7
00798	S02_042-65-0
00799	S02_042-67-0
00800	S02_042-68-0
00801	S02_042-70-1
00802	S02_042-71-0
00803	S02_042-71-1
00804	S02_042-71-2
00805	S02_042-71-3
00806	S02_042-72-2	S03_048-55-2
00807	S02_042-72-5
00808	S02_042-74-0
00809	S02_042-74-1	S02_046-34-1
00810	S02_042-74-2	S02_046-34-2
00811	S02_042-75-0
00812	S02_046-0-0
00813	S02_046-0-1
00814	S02_046-0-2
00815	S02_046-0-3
00816	S02_046-0-4
00817	S02_046-0-5
00818	S02_046-1-0
00819	S02_046-1-1
00820	S02_046-1-2
00821	S02_046-2-0
00822	S02_046-3-0
00823	S02_046-4-1
00824	S02_046-5-0
00825	S02_046-5-1
00826	S02_046-6-0
00827	S02_046-6-1
00828	S02_046-6-2
00829	S02_046-6-3
00830	S02_046-6-4
00831	S02_046-7-0
00832	S02_046-7-1
00833	S02_046-7-2
00834	S02_046-12-0
00835	S02_046-13-0
00836	S02_046-13-2
00837	S02_046-15-0
00838	S02_046-17-0
00839	S02_046-18-0
00840	S02_046-18-1
00841	S02_046-18-2
00842	S02_046-19-0
00843	S02_046-19-1
00844	S02_046-19-2
00845	S02_046-21-0
00846	S02_046-23-0
00847	S02_046-24-0
00848	S02_046-24-1
00849	S02_046-24-2
00850	S02_046-24-3
00851	S02_046-24-4
00852	S02_046-25-0
00853	S02_046-25-1
00854	S02_046-25-2
00855	S02_046-25-3
00856	S02_046-27-0
00857	S02_046-29-0
00858	S02_046-29-1
00859	S02_046-30-0
00860	S02_046-30-1
00861	S02_046-30-2
00862	S02_046-30-3
00863	S02_046-30-4
00864	S02_046-30-5
00865	S02_046-31-0
00866	S02_046-31-1
00867	S02_046-31-2
00868	S02_046-33-0
00869	S02_046-34-0
00870	S02_046-35-0
00871	S02_060-0-0
00872	S02_060-1-0
00873	S02_060-2-0
00874	S02_060-2-1
00875	S02_060-3-0
00876	S02_060-4-0
00877	S02_060-5-0
00878	S02_060-6-0
00879	S02_060-7-0
00880	S02_060-8-0
00881	S02_060-9-0
00882	S02_060-10-0
00883	S02_060-11-0
00884	S02_060-12-0
00885	S02_060-12-1
00886	S02_060-13-0
00887	S02_060-14-0
00888	S02_060-15-0
00889	S02_060-15-1
00890	S02_060-16-0
00891	S02_060-17-0
00892	S02_060-17-1
00893	S02_060-18-0
00894	S02_060-18-1
00895	S02_060-19-0
00896	S02_060-19-1
00897	S02_060-19-2
00898	S02_060-20-0
00899	S02_060-21-0
00900	S02_060-22-0
00901	S03_010-1-0
00902	S03_010-1-1
00903	S03_010-1-2
00904	S03_010-2-0
00905	S03_010-2-1
00906	S03_010-2-2
00907	S03_010-2-3
00908	S03_010-2-4
00909	S03_010-2-5
00910	S03_010-2-6
00911	S03_010-3-0
00912	S03_010-3-1
00913	S03_010-4-0
00914	S03_010-4-1
00915	S03_010-5-0
00916	S03_010-5-1
00917	S03_010-5-2
00918	S03_010-5-3
00919	S03_010-5-4
00920	S03_010-5-5
00921	S03_010-5-6
00922	S03_010-5-7
00923	S03_010-5-8
00924	S03_010-5-9
00925	S03_010-5-10
00926	S03_010-5-11
00927	S03_010-5-12
00928	S03_010-5-13
00929	S03_010-6-0
00930	S03_010-7-0
00931	S03_010-8-0
00932	S03_010-8-1
00933	S03_010-8-2
00934	S03_010-9-0
00935	S03_010-9-1
00936	S03_010-10-0
00937	S03_010-10-1
00938	S03_010-10-2
00939	S03_010-11-0
00940	S03_010-11-1
00941	S03_010-12-0
00942	S03_010-13-0
00943	S03_010-13-1
00944	S03_010-14-0	S03_010-18-0	S03_010-22-0
00945	S03_010-14-1
00946	S03_010-14-2	S03_010-15-0
00947	S03_010-16-0
00948	S03_010-17-0
00949	S03_010-18-1	S03_010-22-1
00950	S03_010-18-2	S03_010-22-2
00951	S03_010-18-3	S03_010-22-3
00952	S03_010-18-4	S03_010-19-0	S03_010-22-4
00953	S03_010-18-5	S03_010-19-1	S03_010-22-5
00954	S03_010-18-6	S03_010-22-6
00955	S03_010-18-7	S03_010-22-7
00956	S03_010-18-8
00957	S03_010-20-0
00958	S03_010-21-0
00959	S03_010-23-0
00960	S03_010-24-0
00961	S03_010-25-0
00962	S03_010-27-0
00963	S03_010-28-0
00964	S03_010-29-0
00965	S03_010-30-0
00966	S03_010-31-0
00967	S03_010-32-0
00968	S03_010-33-0
00969	S03_010-34-0
00970	S03_010-34-1
00971	S03_010-34-2
00972	S03_010-34-3
00973	S03_010-35-0
00974	S03_010-36-0
00975	S03_010-36-1
00976	S03_010-36-2
00977	S03_010-36-3
00978	S03_010-36-4
00979	S03_010-36-5	S12_077-0-1
00980	S03_010-36-6
00981	S03_010-36-7
00982	S03_010-36-8
00983	S03_010-36-9
00984	S03_010-36-10
00985	S03_010-36-11
00986	S03_010-37-0
00987	S03_010-38-0
00988	S03_010-39-0
00989	S03_010-39-1
00990	S03_010-40-0
00991	S03_010-41-0
00992	S03_010-42-0
00993	S03_010-42-1
00994	S03_011-0-0
00995	S03_011-0-1
00996	S03_011-1-0
00997	S03_011-2-0
00998	S03_011-3-0	S03_011-13-0	S03_011-24-0
00999	S03_011-4-0
01000	S03_011-5-0
01001	S03_011-6-0
01002	S03_011-7-0
01003	S03_011-7-1
01004	S03_011-7-2
01005	S03_011-8-0
01006	S03_011-8-1
01007	S03_011-8-2
01008	S03_011-8-3
01009	S03_011-8-4
01010	S03_011-9-0
01011	S03_011-10-0	S03_011-11-0
01012	S03_011-12-0
01013	S03_011-14-0
01014	S03_011-15-0
01015	S03_011-16-0
01016	S03_011-17-0
01017	S03_011-17-1
01018	S03_011-17-2
01019	S03_011-17-3
01020	S03_011-17-4
01021	S03_011-18-0
01022	S03_011-18-1
01023	S03_011-18-2
01024	S03_011-18-3
01025	S03_011-18-4
01026	S03_011-19-0
01027	S03_011-19-1
01028	S03_011-19-2
01029	S03_011-20-0
01030	S03_011-21-0	S03_011-22-0	S03_011-23-0
01031	S03_011-25-0
01032	S03_011-26-0
01033	S03_011-26-1
01034	S03_011-27-0
01035	S03_011-28-0
01036	S03_011-28-1
01037	S03_011-28-2
01038	S03_011-28-3
01039	S03_011-29-0
01040	S03_011-29-1
01041	S03_011-30-0
01042	S03_011-30-1
01043	S03_011-30-2
01044	S03_011-31-0
01045	S03_011-32-0	S03_011-33-0	S03_011-34-0
01046	S03_011-35-0
01047	S03_011-36-0
01048	S03_011-36-1
01049	S03_011-37-0
01050	S03_011-37-1
01051	S03_011-38-0
01052	S03_011-38-1
01053	S03_011-39-0
01054	S03_011-39-1
01055	S03_011-39-2
01056	S03_011-39-3
01057	S03_011-39-4
01058	S03_011-40-0
01059	S03_011-40-1
01060	S03_011-41-0
01061	S03_011-41-1
01062	S03_011-41-2
01063	S03_011-41-3
01064	S03_011-42-0
01065	S03_011-43-0
01066	S03_011-43-1
01067	S03_011-44-0
01068	S03_011-44-1
01069	S03_011-44-2
01070	S03_011-45-0
01071	S03_011-46-0	S03_011-47-0
01072	S03_011-47-1
01073	S03_011-47-2
01074	S03_011-48-0	S03_011-52-0
01075	S03_011-48-1
01076	S03_011-48-2
01077	S03_011-48-3
01078	S03_011-49-0
01079	S03_011-49-1
01080	S03_011-49-2
01081	S03_011-49-3
01082	S03_011-50-0
01083	S03_011-51-0
01084	S03_011-52-1
01085	S03_011-52-2
01086	S03_011-53-0	S03_011-54-0	S03_011-55-0
01087	S03_011-56-0
01088	S03_011-57-0
01089	S03_011-58-0
01090	S03_011-58-1
01091	S03_011-59-0
01092	S03_011-60-0
01093	S03_011-60-1
01094	S03_011-61-0
01095	S03_011-61-1
01096	S03_011-61-2
01097	S03_011-62-0
01098	S03_011-63-0	S03_011-64-0	S03_011-65-0
01099	S03_011-63-1	S03_011-64-1	S03_011-65-1
01100	S03_011-66-0
01101	S03_011-67-0
01102	S03_011-68-0
01103	S03_011-68-1
01104	S03_011-69-0
01105	S03_011-70-0
01106	S03_011-70-1
01107	S03_011-71-0
01108	S03_011-71-1
01109	S03_011-72-0
01110	S03_011-73-0
01111	S03_011-74-0
01112	S03_011-75-0
01113	S03_011-76-0
01114	S03_011-77-0
01115	S03_011-77-1
01116	S03_011-78-0
01117	S03_011-79-0
01118	S03_011-80-0
01119	S03_011-80-1
01120	S03_011-81-0
01121	S03_011-82-0
01122	S03_011-83-0
01123	S03_011-83-1
01124	S03_011-84-0	S03_011-85-0
01125	S03_011-84-1
01126	S03_011-84-2
01127	S03_011-84-3
01128	S03_011-84-4
01129	S03_011-86-0
01130	S03_012-0-0
01131	S03_012-1-0
01132	S03_012-2-0
01133	S03_012-3-0
01134	S03_012-4-0
01135	S03_012-5-0
01136	S03_012-6-0
01137	S03_012-7-0
01138	S03_012-8-0
01139	S03_012-9-0
01140	S03_012-9-1
01141	S03_012-9-2
01142	S03_012-10-0
01143	S03_012-11-0
01144	S03_012-12-0
01145	S03_012-12-1
01146	S03_012-13-0
01147	S03_012-13-1
01148	S03_012-14-0
01149	S03_012-14-1
01150	S03_012-14-2
01151	S03_012-14-3
01152	S03_012-14-4
01153	S03_012-15-0	S03_012-16-0
01154	S03_012-17-0
01155	S03_012-17-1
01156	S03_012-18-0
01157	S03_012-19-0
01158	S03_012-20-0
01159	S03_012-21-0
01160	S03_012-22-0
01161	S03_012-23-0
01162	S03_012-24-0	S03_012-26-0
01163	S03_012-24-1	S03_012-26-1
01164	S03_012-24-2
01165	S03_012-24-3
01166	S03_012-25-0
01167	S03_012-25-1
01168	S03_012-26-2
01169	S03_012-26-3
01170	S03_012-26-4
01171	S03_012-26-5
01172	S03_012-26-6
01173	S03_012-27-0
01174	S03_012-29-0
01175	S03_012-30-0
01176	S03_013-0-0
01177	S03_013-1-0
01178	S03_013-2-0
01179	S03_013-3-0
01180	S03_013-4-0
01181	S03_013-5-0
01182	S03_013-6-0
01183	S03_013-7-0
01184	S03_013-7-1
01185	S03_013-7-2
01186	S03_013-7-3	S03_048-5-9	S06_057-3-3	S07_01C-49-4	S07_050-4-4	S08_069-26-1	S12_077-37-0	S14_01E-49-0	S15_0BB-23-3	S15_0BF-17-3	S16_02F-0-24	S16_02F-12-5
01187	S03_013-8-0
01188	S03_013-9-0
01189	S03_013-9-1
01190	S03_013-10-0
01191	S03_013-10-1
01192	S03_013-10-2
01193	S03_013-11-0
01194	S03_013-11-1
01195	S03_013-12-0
01196	S03_013-13-0
01197	S03_013-13-1
01198	S03_013-14-0
01199	S03_013-15-0
01200	S03_013-15-1
01201	S03_013-16-0
01202	S03_013-17-0
01203	S03_013-18-0
01204	S03_013-18-1
01205	S03_013-19-0
01206	S03_013-19-1
01207	S03_013-19-2
01208	S03_013-20-0
01209	S03_013-20-1
01210	S03_013-20-2
01211	S03_013-21-0
01212	S03_013-22-0
01213	S03_013-23-0
01214	S03_013-26-0	S03_013-36-0	S03_013-40-0
01215	S03_013-30-0	S03_013-33-0	S03_013-44-0
01216	S03_048-0-0
01217	S03_048-0-1
01218	S03_048-0-2
01219	S03_048-0-3
01220	S03_048-0-4
01221	S03_048-0-5
01222	S03_048-0-6
01223	S03_048-1-0
01224	S03_048-1-1
01225	S03_048-1-2
01226	S03_048-1-3
01227	S03_048-2-0
01228	S03_048-2-1
01229	S03_048-3-0
01230	S03_048-3-1
01231	S03_048-4-0
01232	S03_048-4-1
01233	S03_048-4-2
01234	S03_048-4-3
01235	S03_048-4-4
01236	S03_048-4-5
01237	S03_048-4-6
01238	S03_048-4-7
01239	S03_048-4-8
01240	S03_048-4-9
01241	S03_048-4-10
01242	S03_048-4-11
01243	S03_048-4-12
01244	S03_048-4-13	S15_091-54-1
01245	S03_048-4-14
01246	S03_048-4-15
01247	S03_048-4-16
01248	S03_048-4-17
01249	S03_048-4-18
01250	S03_048-4-19
01251	S03_048-4-20
01252	S03_048-4-21
01253	S03_048-4-22
01254	S03_048-4-23
01255	S03_048-5-0
01256	S03_048-5-1
01257	S03_048-5-2
01258	S03_048-5-3
01259	S03_048-5-4
01260	S03_048-5-5
01261	S03_048-5-6
01262	S03_048-5-7
01263	S03_048-5-8
01264	S03_048-5-10
01265	S03_048-5-11
01266	S03_048-5-12
01267	S03_048-5-13
01268	S03_048-5-14
01269	S03_048-5-15
01270	S03_048-7-0
01271	S03_048-7-1
01272	S03_048-8-0
01273	S03_048-8-1
01274	S03_048-8-2
01275	S03_048-9-0
01276	S03_048-9-1
01277	S03_048-10-0
01278	S03_048-10-1
01279	S03_048-10-2
01280	S03_048-10-3
01281	S03_048-10-4
01282	S03_048-11-0
01283	S03_048-11-1
01284	S03_048-11-2
01285	S03_048-12-0
01286	S03_048-13-0
01287	S03_048-13-1
01288	S03_048-13-2
01289	S03_048-13-3
01290	S03_048-13-4
01291	S03_048-13-5
01292	S03_048-13-6
01293	S03_048-13-7
01294	S03_048-13-8
01295	S03_048-13-9
01296	S03_048-13-10
01297	S03_048-13-11
01298	S03_048-14-0
01299	S03_048-14-1
01300	S03_048-14-2
01301	S03_048-14-3
01302	S03_048-14-4
01303	S03_048-14-5
01304	S03_048-15-0
01305	S03_048-16-0
01306	S03_048-16-1
01307	S03_048-16-2
01308	S03_048-16-3
01309	S03_048-16-4
01310	S03_048-17-0
01311	S03_048-18-0
01312	S03_048-18-1
01313	S03_048-18-2
01314	S03_048-18-3
01315	S03_048-19-0
01316	S03_048-19-1
01317	S03_048-19-2
01318	S03_048-19-3
01319	S03_048-19-4
01320	S03_048-19-5
01321	S03_048-19-6
01322	S03_048-19-7
01323	S03_048-19-8
01324	S03_048-19-9
01325	S03_048-20-0
01326	S03_048-21-0
01327	S03_048-22-0
01328	S03_048-22-1
01329	S03_048-22-2
01330	S03_048-22-3
01331	S03_048-22-4
01332	S03_048-23-0
01333	S03_048-24-0
01334	S03_048-24-1
01335	S03_048-25-0
01336	S03_048-25-1
01337	S03_048-25-2
01338	S03_048-26-0
01339	S03_048-26-1
01340	S03_048-26-2
01341	S03_048-28-0
01342	S03_048-28-1
01343	S03_048-28-2
01344	S03_048-28-3
01345	S03_048-28-4
01346	S03_048-28-5
01347	S03_048-28-6
01348	S03_048-28-7
01349	S03_048-28-8
01350	S03_048-28-9
01351	S03_048-29-0
01352	S03_048-30-0
01353	S03_048-30-1
01354	S03_048-30-2
01355	S03_048-30-3
01356	S03_048-30-4
01357	S03_048-30-5
01358	S03_048-30-6
01359	S03_048-30-7
01360	S03_048-30-8
01361	S03_048-30-9
01362	S03_048-30-10
01363	S03_048-30-11
01364	S03_048-30-12
01365	S03_048-30-13
01366	S03_048-31-0
01367	S03_048-32-0
01368	S03_048-32-1
01369	S03_048-32-2
01370	S03_048-32-3
01371	S03_048-33-0
01372	S03_048-34-0
01373	S03_048-34-1
01374	S03_048-35-0
01375	S03_048-36-0
01376	S03_048-36-1
01377	S03_048-36-2
01378	S03_048-36-3
01379	S03_048-41-0
01380	S03_048-43-0
01381	S03_048-44-0
01382	S03_048-45-0
01383	S03_048-46-0
01384	S03_048-47-0
01385	S03_048-49-0
01386	S03_048-50-0
01387	S03_048-52-0
01388	S03_048-53-1
01389	S03_048-54-0
01390	S03_048-54-1
01391	S03_048-54-2
01392	S03_048-55-9
01393	S03_048-57-0	S03_04C-15-0
01394	S03_048-57-1
01395	S03_048-57-2
01396	S03_048-57-3
01397	S03_048-57-4	S03_04C-15-4
01398	S03_048-58-0
01399	S03_04C-0-0	S03_04C-2-0
01400	S03_04C-0-1	S03_04C-2-1
01401	S03_04C-0-2	S03_04C-2-2
01402	S03_04C-0-3	S03_04C-2-3
01403	S03_04C-1-0
01404	S03_04C-3-0
01405	S03_04C-5-0
01406	S03_04C-6-0
01407	S03_04C-6-1
01408	S03_04C-6-2
01409	S03_04C-7-0
01410	S03_04C-7-1
01411	S03_04C-7-2
01412	S03_04C-7-3
01413	S03_04C-9-0
01414	S03_04C-11-0
01415	S03_04C-12-0
01416	S03_04C-13-0
01417	S03_04C-13-1
01418	S03_04C-15-1
01419	S03_04C-15-2
01420	S03_04C-15-3
01421	S03_04C-16-0
01422	S04_021-0-0
01423	S04_021-0-1
01424	S04_021-0-2
01425	S04_021-1-0
01426	S04_021-2-0
01427	S04_021-3-0
01428	S04_021-4-0
01429	S04_021-4-1
01430	S04_021-5-0
01431	S04_021-6-0
01432	S04_021-6-1
01433	S04_021-7-0
01434	S04_021-8-0
01435	S04_021-8-1
01436	S04_021-8-2
01437	S04_021-8-3
01438	S04_021-9-0
01439	S04_021-10-0
01440	S04_021-11-0
01441	S04_021-11-1
01442	S04_021-12-0
01443	S04_021-12-1
01444	S04_021-13-0
01445	S04_021-14-0
01446	S04_021-15-0
01447	S04_021-16-0
01448	S04_021-16-1
01449	S04_021-16-2
01450	S04_021-17-0
01451	S04_021-18-0
01452	S04_021-19-0
01453	S04_021-19-1
01454	S04_021-20-0
01455	S04_021-21-0
01456	S04_021-21-1
01457	S04_021-22-0
01458	S04_021-23-0
01459	S04_052-0-0
01460	S04_052-1-0
01461	S04_052-1-1
01462	S04_052-1-2
01463	S04_052-2-0
01464	S04_052-2-1
01465	S04_052-3-0
01466	S04_052-4-0
01467	S04_052-4-1
01468	S04_052-5-0
01469	S04_052-6-0
01470	S04_052-7-0
01471	S04_052-8-0
01472	S04_052-8-1
01473	S04_052-8-2
01474	S04_052-9-0
01475	S04_052-10-0
01476	S04_052-11-0
01477	S04_052-11-1
01478	S04_052-11-2
01479	S04_052-11-3
01480	S04_052-11-4
01481	S04_052-11-5
01482	S04_052-12-0
01483	S04_052-13-0
01484	S04_052-13-1
01485	S04_052-14-0
01486	S04_052-14-1
01487	S04_052-15-0
01488	S04_052-15-1
01489	S04_052-16-0
01490	S04_052-17-0
01491	S04_052-18-0
01492	S04_052-19-0
01493	S04_052-19-1
01494	S04_052-19-2
01495	S04_052-20-0
01496	S04_052-21-0
01497	S04_052-22-0
01498	S04_052-22-1
01499	S04_052-22-2
01500	S04_052-23-0
01501	S04_052-23-1
01502	S04_052-23-2
01503	S04_052-23-3
01504	S04_052-23-4
01505	S04_052-23-5
01506	S04_052-23-6
01507	S04_052-23-7	S04_16A-5-3	S04_16B-1-1	S08_069-56-4	S15_0C5-2-2
01508	S04_052-23-8
01509	S04_052-24-0
01510	S04_052-25-0
01511	S04_052-25-1
01512	S04_052-25-2
01513	S04_052-26-0
01514	S04_052-27-0
01515	S04_052-28-0
01516	S04_052-28-1
01517	S04_052-28-2
01518	S04_052-28-3
01519	S04_052-28-4
01520	S04_052-29-0
01521	S04_052-29-1
01522	S04_052-29-2
01523	S04_052-29-3
01524	S04_052-29-4
01525	S04_052-30-0
01526	S04_052-31-0
01527	S04_052-32-0
01528	S04_052-33-0
01529	S04_052-34-0
01530	S04_052-35-0
01531	S04_052-36-0
01532	S04_052-37-0
01533	S04_052-37-1
01534	S04_052-37-2
01535	S04_052-37-3
01536	S04_052-37-4
01537	S04_052-38-0
01538	S04_052-38-1
01539	S04_052-39-0
01540	S04_16A-0-0
01541	S04_16A-0-1
01542	S04_16A-0-2
01543	S04_16A-0-3
01544	S04_16A-0-4
01545	S04_16A-0-5
01546	S04_16A-1-0
01547	S04_16A-2-0
01548	S04_16A-2-1
01549	S04_16A-3-0
01550	S04_16A-3-1
01551	S04_16A-3-2
01552	S04_16A-3-3
01553	S04_16A-3-4
01554	S04_16A-4-0
01555	S04_16A-5-0
01556	S04_16A-5-1
01557	S04_16A-5-2
01558	S04_16A-6-0
01559	S04_16A-7-0
01560	S04_16A-8-0
01561	S04_16A-9-0
01562	S04_16A-9-1
01563	S04_16A-10-0
01564	S04_16A-10-1
01565	S04_16A-10-2
01566	S04_16A-10-3
01567	S04_16A-11-0	S04_16C-1-0
01568	S04_16A-11-1
01569	S04_16A-11-2	S04_16C-1-2
01570	S04_16A-11-3	S04_16C-1-3
01571	S04_16A-11-4
01572	S04_16A-11-5	S04_16C-1-5
01573	S04_16A-11-6	S04_16C-1-6
01574	S04_16A-11-7
01575	S04_16A-11-8	S04_16C-1-8
01576	S04_16A-11-9	S04_16C-1-9
01577	S04_16A-12-0
01578	S04_16B-0-0
01579	S04_16B-0-1
01580	S04_16B-0-2
01581	S04_16B-0-3
01582	S04_16B-0-4
01583	S04_16B-0-5
01584	S04_16B-0-6
01585	S04_16B-0-7
01586	S04_16B-1-0
01587	S04_16B-1-2
01588	S04_16B-2-0
01589	S04_16B-2-1
01590	S04_16B-3-0
01591	S04_16B-4-0
01592	S04_16B-4-1
01593	S04_16B-4-2
01594	S04_16B-5-0
01595	S04_16B-6-0
01596	S04_16B-6-1
01597	S04_16B-7-0
01598	S04_16B-7-1
01599	S04_16B-7-2
01600	S04_16B-7-3
01601	S04_16B-7-4
01602	S04_16B-7-5
01603	S04_16B-7-6
01604	S04_16B-7-7
01605	S04_16B-7-8
01606	S04_16B-8-0
01607	S04_16B-8-1
01608	S04_16C-0-0
01609	S04_16C-0-1
01610	S04_16C-0-2
01611	S04_16C-0-3
01612	S04_16C-0-4
01613	S04_16C-0-5
01614	S04_16C-0-6
01615	S04_16C-0-7
01616	S04_16C-1-1
01617	S04_16C-1-4
01618	S04_16C-1-7
01619	S04_16C-2-0	S04_16C-18-0	S04_16C-21-0	S04_16C-24-0
01620	S04_16C-2-1	S04_16C-18-1	S04_16C-21-1	S04_16C-24-1
01621	S04_16C-3-0	S04_16C-19-0	S04_16C-22-0	S04_16C-25-0
01622	S04_16C-4-0
01623	S04_16C-4-1
01624	S04_16C-5-0	S04_16C-20-0	S04_16C-23-0	S04_16C-26-0
01625	S06_00C-0-0
01626	S06_00C-1-0
01627	S06_00C-2-0
01628	S06_00C-2-1
01629	S06_00C-3-0
01630	S06_00C-3-1
01631	S06_00C-4-0
01632	S06_00C-5-0
01633	S06_00C-6-0
01634	S06_00C-6-1
01635	S06_00C-7-0
01636	S06_00C-8-0
01637	S06_00C-9-0
01638	S06_00C-9-1
01639	S06_00C-10-0
01640	S06_00C-10-1
01641	S06_00C-11-0
01642	S06_00C-11-1
01643	S06_00C-12-0
01644	S06_00C-13-0	S06_00C-16-0	S07_01C-2-15
01645	S06_00C-13-1	S06_00C-16-1	S06_02C-63-0	S06_031-30-0	S15_091-71-0
01646	S06_00C-14-0
01647	S06_00C-15-0
01648	S06_00C-15-1
01649	S06_00C-17-0
01650	S06_00C-17-1
01651	S06_00C-18-0
01652	S06_00C-19-0
01653	S06_00C-20-0
01654	S06_00C-21-0
01655	S06_00C-22-0
01656	S06_00C-22-1
01657	S06_00C-22-2
01658	S06_00C-22-3
01659	S06_00C-22-4
01660	S06_00C-22-5
01661	S06_00C-22-6
01662	S06_02C-0-0
01663	S06_02C-1-0
01664	S06_02C-2-0
01665	S06_02C-3-0
01666	S06_02C-4-0
01667	S06_02C-5-0
01668	S06_02C-6-0
01669	S06_02C-7-0
01670	S06_02C-8-0
01671	S06_02C-8-1
01672	S06_02C-9-0
01673	S06_02C-10-0
01674	S06_02C-10-1
01675	S06_02C-10-2
01676	S06_02C-10-3
01677	S06_02C-11-0	S06_02C-53-0	S06_02C-58-0
01678	S06_02C-13-0
01679	S06_02C-14-0
01680	S06_02C-15-0
01681	S06_02C-16-0
01682	S06_02C-16-1
01683	S06_02C-17-0
01684	S06_02C-17-1
01685	S06_02C-18-0
01686	S06_02C-20-0
01687	S06_02C-20-1
01688	S06_02C-21-0
01689	S06_02C-22-0
01690	S06_02C-23-0
01691	S06_02C-24-0
01692	S06_02C-24-1
01693	S06_02C-24-2
01694	S06_02C-25-0
01695	S06_02C-26-0
01696	S06_02C-27-0
01697	S06_02C-28-0
01698	S06_02C-29-0
01699	S06_02C-30-0
01700	S06_02C-31-0
01701	S06_02C-32-0
01702	S06_02C-33-0
01703	S06_02C-33-1
01704	S06_02C-33-2
01705	S06_02C-33-3
01706	S06_02C-33-4
01707	S06_02C-34-0
01708	S06_02C-35-0
01709	S06_02C-36-0
01710	S06_02C-36-1
01711	S06_02C-36-2
01712	S06_02C-37-0	S06_02C-38-0	S06_02C-44-0
01713	S06_02C-37-1
01714	S06_02C-37-2	S06_02C-40-2	S06_02C-43-2	S06_02C-46-2	S06_02C-49-2	S06_02C-52-2
01715	S06_02C-38-1
01716	S06_02C-38-2	S06_02C-41-2	S06_02C-44-2	S06_02C-47-2	S06_02C-50-2
01717	S06_02C-39-0	S06_02C-52-0
01718	S06_02C-39-1
01719	S06_02C-39-2	S06_02C-42-2	S06_02C-45-2	S06_02C-48-2	S06_02C-51-2
01720	S06_02C-40-0	S06_02C-42-0	S06_02C-45-0	S06_02C-47-0	S06_02C-51-0
01721	S06_02C-40-1
01722	S06_02C-41-0	S06_02C-43-0
01723	S06_02C-41-1
01724	S06_02C-42-1
01725	S06_02C-43-1
01726	S06_02C-44-1
01727	S06_02C-45-1
01728	S06_02C-46-0	S06_02C-49-0
01729	S06_02C-46-1
01730	S06_02C-47-1
01731	S06_02C-48-0
01732	S06_02C-48-1
01733	S06_02C-49-1
01734	S06_02C-50-0
01735	S06_02C-50-1
01736	S06_02C-51-1
01737	S06_02C-52-1
01738	S06_02C-54-0
01739	S06_02C-54-1
01740	S06_02C-55-0	S06_02C-56-0
01741	S06_02C-55-1
01742	S06_02C-56-1
01743	S06_02C-57-0
01744	S06_02C-59-0
01745	S06_02C-59-1
01746	S06_02C-60-0	S06_02C-61-0
01747	S06_02C-60-1
01748	S06_02C-60-2
01749	S06_02C-62-0
01750	S06_02C-65-0
01751	S06_031-0-0
01752	S06_031-1-0
01753	S06_031-1-1
01754	S06_031-1-2
01755	S06_031-1-3
01756	S06_031-1-4
01757	S06_031-2-0
01758	S06_031-2-1
01759	S06_031-3-0
01760	S06_031-4-0
01761	S06_031-5-0	S06_031-9-0	S06_031-13-0	S06_031-17-0
01762	S06_031-5-1	S06_031-13-1
01763	S06_031-5-2
01764	S06_031-6-0
01765	S06_031-7-0
01766	S06_031-8-0
01767	S06_031-8-1
01768	S06_031-8-2
01769	S06_031-9-1
01770	S06_031-10-0
01771	S06_031-11-0
01772	S06_031-12-0
01773	S06_031-13-2
01774	S06_031-14-0
01775	S06_031-15-0
01776	S06_031-16-0
01777	S06_031-17-1	S06_031-18-0
01778	S06_031-17-2	S06_031-18-1
01779	S06_031-19-0
01780	S06_031-20-0
01781	S06_031-21-0
01782	S06_031-22-0
01783	S06_031-23-0
01784	S06_031-24-0
01785	S06_031-25-0
01786	S06_031-25-1
01787	S06_031-25-2
01788	S06_031-26-0
01789	S06_031-26-1
01790	S06_031-27-0
01791	S06_031-28-0
01792	S06_031-29-0
01793	S06_03C-0-0
01794	S06_03C-0-1
01795	S06_03C-0-2
01796	S06_03C-1-0
01797	S06_03C-2-0
01798	S06_03C-3-0
01799	S06_03C-3-1
01800	S06_03C-4-0
01801	S06_03C-4-1
01802	S06_03C-4-2
01803	S06_03C-4-3
01804	S06_03C-4-4
01805	S06_03C-7-0
01806	S06_03C-9-0	S06_03C-10-0	S06_03C-11-0	S06_03C-12-0	S06_03C-13-0	S06_03C-14-0	S06_03C-15-0	S06_03C-16-0
01807	S06_03C-9-1
01808	S06_03C-10-1
01809	S06_03C-11-1
01810	S06_03C-12-1
01811	S06_03C-13-1
01812	S06_03C-14-1
01813	S06_03C-15-1
01814	S06_03C-16-1
01815	S06_03C-17-0
01816	S06_03C-17-1
01817	S06_03C-17-2
01818	S06_03C-17-3
01819	S06_03C-17-4
01820	S06_03C-18-0
01821	S06_03C-18-1
01822	S06_057-0-0
01823	S06_057-0-1
01824	S06_057-0-2
01825	S06_057-0-3
01826	S06_057-0-4
01827	S06_057-0-5
01828	S06_057-1-0
01829	S06_057-2-0
01830	S06_057-3-0
01831	S06_057-3-1
01832	S06_057-3-2
01833	S06_057-3-4
01834	S06_057-3-5
01835	S06_057-3-6
01836	S06_057-4-0
01837	S06_057-5-0
01838	S06_057-6-0
01839	S06_057-7-0
01840	S06_057-8-0
01841	S06_057-8-1
01842	S06_057-9-0
01843	S06_057-10-0
01844	S06_057-10-1
01845	S06_057-11-0
01846	S06_057-12-0
01847	S06_057-13-0
01848	S06_057-13-1
01849	S06_057-13-2
01850	S06_057-14-0	S06_057-24-1
01851	S06_057-14-1	S06_057-24-2
01852	S06_057-14-2	S06_057-24-3
01853	S06_057-15-0
01854	S06_057-16-0
01855	S06_057-17-0
01856	S06_057-18-0
01857	S06_057-18-1
01858	S06_057-18-2
01859	S06_057-19-0
01860	S06_057-20-0
01861	S06_057-20-1
01862	S06_057-20-2
01863	S06_057-20-3
01864	S06_057-20-4
01865	S06_057-20-5
01866	S06_057-21-0
01867	S06_057-22-0
01868	S06_057-22-1
01869	S06_057-23-0
01870	S06_057-23-1
01871	S06_057-23-2
01872	S06_057-24-0
01873	S06_057-25-0
01874	S06_057-26-0
01875	S06_057-27-0
01876	S06_057-28-0
01877	S06_057-28-1
01878	S06_057-29-0
01879	S06_057-30-0
01880	S06_057-31-0
01881	S06_057-32-0
01882	S06_057-33-0
01883	S06_057-34-0	S14_089-18-0
01884	S06_057-35-0
01885	S06_057-35-1
01886	S06_057-36-0	S07_061-7-0
01887	S06_057-37-0
01888	S06_057-38-0	S07_061-9-0
01889	S06_057-39-0
01890	S06_057-40-0
01891	S06_057-42-0
01892	S06_057-48-0
01893	S06_057-49-0
01894	S06_057-51-0
01895	S06_057-51-1
01896	S06_057-51-2	S07_061-21-3	S08_069-80-2	S13_081-37-2	S14_089-34-2	S15_091-67-2	S16_099-41-2
01897	S06_057-52-0
01898	S06_057-52-1
01899	S06_057-52-2	S13_081-38-5	S14_089-35-3
01900	S06_057-52-3
01901	S06_057-52-4
01902	S06_057-52-5
01903	S06_057-52-6
01904	S06_057-52-7
01905	S06_057-52-8
01906	S06_057-54-0
01907	S06_057-55-0
01908	S06_057-55-1
01909	S06_057-55-2
01910	S06_057-55-3
01911	S06_057-56-0
01912	S07_01C-0-0
01913	S07_01C-1-0
01914	S07_01C-1-1
01915	S07_01C-1-2
01916	S07_01C-1-3
01917	S07_01C-2-0
01918	S07_01C-2-1
01919	S07_01C-2-2
01920	S07_01C-2-3	S07_01C-5-2
01921	S07_01C-2-4	S07_01C-5-3
01922	S07_01C-2-5	S07_01C-5-4
01923	S07_01C-2-6	S07_01C-5-5
01924	S07_01C-2-7
01925	S07_01C-2-8	S07_01C-5-7
01926	S07_01C-2-9	S07_01C-5-8
01927	S07_01C-2-10	S07_01C-5-9
01928	S07_01C-2-11	S07_01C-5-10
01929	S07_01C-2-12	S07_01C-5-11
01930	S07_01C-2-13
01931	S07_01C-2-14
01932	S07_01C-3-0
01933	S07_01C-4-0
01934	S07_01C-4-1
01935	S07_01C-5-0
01936	S07_01C-5-1	S13_033-6-2
01937	S07_01C-5-6
01938	S07_01C-5-12
01939	S07_01C-5-13
01940	S07_01C-5-14
01941	S07_01C-5-15
01942	S07_01C-6-0
01943	S07_01C-7-0
01944	S07_01C-8-0
01945	S07_01C-8-1
01946	S07_01C-9-0
01947	S07_01C-9-1
01948	S07_01C-10-0
01949	S07_01C-11-0
01950	S07_01C-11-1
01951	S07_01C-12-0
01952	S07_01C-13-0
01953	S07_01C-13-1
01954	S07_01C-14-0
01955	S07_01C-15-0
01956	S07_01C-16-0
01957	S07_01C-16-1
01958	S07_01C-17-0	S07_01C-20-0
01959	S07_01C-17-1
01960	S07_01C-17-2
01961	S07_01C-17-3	S07_01C-20-2
01962	S07_01C-18-0	S07_01C-21-0
01963	S07_01C-19-0	S07_01C-22-0
01964	S07_01C-20-1
01965	S07_01C-23-0
01966	S07_01C-23-1
01967	S07_01C-23-2
01968	S07_01C-23-3
01969	S07_01C-24-0
01970	S07_01C-25-0
01971	S07_01C-26-0
01972	S07_01C-26-1
01973	S07_01C-26-2
01974	S07_01C-27-0
01975	S07_01C-28-0
01976	S07_01C-28-1
01977	S07_01C-29-0	S07_01C-32-0
01978	S07_01C-29-1
01979	S07_01C-29-2
01980	S07_01C-29-3
01981	S07_01C-30-0
01982	S07_01C-30-1
01983	S07_01C-31-0
01984	S07_01C-32-1
01985	S07_01C-32-2
01986	S07_01C-33-0
01987	S07_01C-33-1
01988	S07_01C-34-0
01989	S07_01C-34-1
01990	S07_01C-34-2
01991	S07_01C-35-0
01992	S07_01C-36-0
01993	S07_01C-37-0
01994	S07_01C-37-1
01995	S07_01C-38-0
01996	S07_01C-39-0
01997	S07_01C-39-1
01998	S07_01C-39-2
01999	S07_01C-39-3
02000	S07_01C-39-4
02001	S07_01C-39-5
02002	S07_01C-40-0
02003	S07_01C-41-0
02004	S07_01C-41-1
02005	S07_01C-41-2
02006	S07_01C-41-3
02007	S07_01C-42-0
02008	S07_01C-43-0
02009	S07_01C-43-1
02010	S07_01C-43-2
02011	S07_01C-43-3
02012	S07_01C-43-4
02013	S07_01C-43-5
02014	S07_01C-44-0
02015	S07_01C-45-0
02016	S07_01C-45-1
02017	S07_01C-45-2
02018	S07_01C-45-3
02019	S07_01C-46-0
02020	S07_01C-47-0
02021	S07_01C-48-0
02022	S07_01C-48-1
02023	S07_01C-48-2
02024	S07_01C-48-3
02025	S07_01C-48-4
02026	S07_01C-48-5
02027	S07_01C-49-0
02028	S07_01C-49-1
02029	S07_01C-49-2
02030	S07_01C-49-3
02031	S07_01C-49-5
02032	S07_01C-49-6
02033	S07_01C-49-7
02034	S07_01C-49-8
02035	S07_01C-49-9
02036	S07_01C-49-10
02037	S07_01C-50-0
02038	S07_01C-50-1
02039	S07_01C-51-0
02040	S07_01C-51-1
02041	S07_01C-51-2
02042	S07_01C-51-3
02043	S07_01C-51-4
02044	S07_01C-51-5
02045	S07_01C-51-6
02046	S07_01C-52-0
02047	S07_01C-52-1
02048	S07_01C-52-2
02049	S07_01C-52-3
02050	S07_01C-52-4
02051	S07_01C-52-5
02052	S07_01C-52-6
02053	S07_01C-52-7
02054	S07_01C-52-8
02055	S07_01C-52-10
02056	S07_01C-53-0
02057	S07_01C-53-1
02058	S07_01C-54-0
02059	S07_01C-55-0
02060	S07_01D-0-0
02061	S07_023-0-0
02062	S07_023-1-0
02063	S07_023-1-1
02064	S07_023-1-2
02065	S07_023-2-0
02066	S07_023-2-1
02067	S07_023-3-0
02068	S07_023-3-1
02069	S07_023-3-2
02070	S07_023-3-3
02071	S07_023-3-4
02072	S07_023-3-5
02073	S07_028-0-0
02074	S07_028-0-1
02075	S07_028-1-0
02076	S07_028-2-0
02077	S07_028-2-1
02078	S07_028-2-2
02079	S07_028-3-0
02080	S07_028-4-0
02081	S07_028-4-1
02082	S07_028-4-2
02083	S07_028-5-0
02084	S07_028-6-0
02085	S07_028-6-1
02086	S07_028-6-2
02087	S07_028-7-0
02088	S07_028-7-1
02089	S07_028-8-0
02090	S07_028-8-1
02091	S07_028-8-2
02092	S07_028-9-0
02093	S07_028-9-1	S07_028-32-4	S07_028-39-1	S07_04F-10-0	S07_04F-10-1	S13_0AD-16-14	S13_0AD-16-15	S13_0AD-18-1
02094	S07_028-9-2
02095	S07_028-9-3
02096	S07_028-9-4
02097	S07_028-9-5
02098	S07_028-9-6
02099	S07_028-9-7
02100	S07_028-9-8
02101	S07_028-9-9
02102	S07_028-9-10
02103	S07_028-9-11
02104	S07_028-9-12
02105	S07_028-9-13
02106	S07_028-9-14
02107	S07_028-10-0
02108	S07_028-10-1
02109	S07_028-11-0
02110	S07_028-11-1
02111	S07_028-11-2
02112	S07_028-12-0
02113	S07_028-13-0
02114	S07_028-14-0
02115	S07_028-15-0
02116	S07_028-15-1
02117	S07_028-15-2
02118	S07_028-16-0	S07_028-18-0
02119	S07_028-17-0
02120	S07_028-17-1
02121	S07_028-17-2
02122	S07_028-19-0
02123	S07_028-19-1
02124	S07_028-19-2
02125	S07_028-19-3
02126	S07_028-19-4
02127	S07_028-20-0
02128	S07_028-21-0	S07_028-22-0
02129	S07_028-23-0
02130	S07_028-24-0
02131	S07_028-25-0
02132	S07_028-25-1
02133	S07_028-26-0
02134	S07_028-27-0
02135	S07_028-28-0
02136	S07_028-29-0
02137	S07_028-29-1
02138	S07_028-29-2
02139	S07_028-29-3
02140	S07_028-29-4
02141	S07_028-29-5
02142	S07_028-30-0
02143	S07_028-31-0
02144	S07_028-32-0
02145	S07_028-32-1
02146	S07_028-32-2
02147	S07_028-32-3
02148	S07_028-33-0
02149	S07_028-34-0
02150	S07_028-34-1
02151	S07_028-35-0
02152	S07_028-35-1
02153	S07_028-36-0
02154	S07_028-36-1
02155	S07_028-36-2
02156	S07_028-37-0
02157	S07_028-38-0
02158	S07_028-38-1
02159	S07_028-39-0
02160	S07_028-40-0
02161	S07_028-40-1
02162	S07_028-40-2
02163	S07_028-41-0
02164	S07_028-42-0	S15_091-72-0
02165	S07_028-43-0
02166	S07_028-45-0
02167	S07_028-46-0
02168	S07_028-46-1
02169	S07_028-48-0
02170	S07_028-48-1
02171	S07_028-48-2
02172	S07_028-48-3
02173	S07_028-48-4
02174	S07_028-48-5
02175	S07_028-48-6
02176	S07_028-48-7
02177	S07_028-48-8
02178	S07_028-48-9
02179	S07_028-48-11
02180	S07_028-48-12
02181	S07_028-49-0
02182	S07_028-50-0
02183	S07_028-51-0
02184	S07_04F-1-0
02185	S07_04F-1-1
02186	S07_04F-2-0
02187	S07_04F-2-1
02188	S07_04F-2-2
02189	S07_04F-2-3
02190	S07_04F-2-4
02191	S07_04F-3-0
02192	S07_04F-4-0
02193	S07_04F-5-0
02194	S07_04F-6-0
02195	S07_04F-7-0
02196	S07_04F-7-1
02197	S07_04F-7-2
02198	S07_04F-7-3
02199	S07_04F-7-4
02200	S07_04F-8-0
02201	S07_04F-8-1
02202	S07_04F-8-2
02203	S07_04F-8-3
02204	S07_04F-9-0
02205	S07_04F-9-1
02206	S07_04F-9-2
02207	S07_04F-10-2
02208	S07_04F-10-3
02209	S07_04F-10-4
02210	S07_04F-10-5
02211	S07_04F-10-6
02212	S07_04F-10-7	S16_02F-3-4	S16_0C7-5-1
02213	S07_050-0-0
02214	S07_050-0-1
02215	S07_050-1-0
02216	S07_050-1-1
02217	S07_050-1-2
02218	S07_050-2-0
02219	S07_050-2-1
02220	S07_050-2-2
02221	S07_050-2-3
02222	S07_050-2-4
02223	S07_050-2-5
02224	S07_050-2-6
02225	S07_050-2-7
02226	S07_050-2-8
02227	S07_050-2-9
02228	S07_050-2-10
02229	S07_050-2-11
02230	S07_050-2-12
02231	S07_050-2-13
02232	S07_050-2-14
02233	S07_050-3-0
02234	S07_050-3-1
02235	S07_050-3-2
02236	S07_050-3-3
02237	S07_050-3-4
02238	S07_050-4-0
02239	S07_050-4-1
02240	S07_050-4-2
02241	S07_050-4-3
02242	S07_050-4-5
02243	S07_050-4-6
02244	S07_050-4-7
02245	S07_050-4-8
02246	S07_050-5-0
02247	S07_050-5-1
02248	S07_050-5-2
02249	S07_061-0-0
02250	S07_061-0-1
02251	S07_061-1-0
02252	S07_061-2-0
02253	S07_061-3-0
02254	S07_061-4-0
02255	S07_061-4-1
02256	S07_061-4-2
02257	S07_061-4-3
02258	S07_061-5-0
02259	S07_061-6-0
02260	S07_061-8-0
02261	S07_061-10-0
02262	S07_061-11-0
02263	S07_061-18-0
02264	S07_061-19-0
02265	S07_061-21-1
02266	S07_061-21-2
02267	S07_061-22-0
02268	S07_061-22-1
02269	S07_061-24-0
02270	S07_061-24-1
02271	S07_061-24-2
02272	S07_061-24-3
02273	S07_061-25-0
02274	S07_061-26-0
02275	S08_00D-0-0
02276	S08_00D-1-0
02277	S08_00D-2-0
02278	S08_00D-3-0
02279	S08_00D-4-0
02280	S08_00D-5-0
02281	S08_00D-5-1
02282	S08_00D-6-0
02283	S08_00D-7-0
02284	S08_00D-8-0
02285	S08_00D-9-0
02286	S08_00D-10-0
02287	S08_00D-11-0
02288	S08_00D-12-0
02289	S08_00D-13-0
02290	S08_00D-14-0
02291	S08_00D-14-1
02292	S08_00D-14-2
02293	S08_00D-14-3
02294	S08_00D-15-0
02295	S08_00D-15-1
02296	S08_00D-16-0
02297	S08_00D-17-0
02298	S08_00D-18-0
02299	S08_00D-19-0
02300	S08_00D-20-0
02301	S08_00D-21-0
02302	S08_00D-22-0
02303	S08_00D-23-0
02304	S08_00D-24-0
02305	S08_00D-25-0
02306	S08_00D-26-0
02307	S08_00D-26-1
02308	S08_00D-27-0
02309	S08_00D-28-0
02310	S08_00D-29-0
02311	S08_00D-30-0
02312	S08_00D-30-1
02313	S08_00D-31-0
02314	S08_00D-32-0
02315	S08_00D-32-1
02316	S08_00D-33-0
02317	S08_00E-0-0
02318	S08_00E-1-0
02319	S08_00E-2-0
02320	S08_00E-2-1
02321	S08_00E-3-0
02322	S08_00E-4-0
02323	S08_00E-4-1
02324	S08_00E-5-0
02325	S08_00E-6-0
02326	S08_00E-7-0
02327	S08_00E-8-0
02328	S08_00E-8-1
02329	S08_00E-9-0
02330	S08_00E-9-1
02331	S08_00E-10-0
02332	S08_00E-11-0	S08_00E-12-0
02333	S08_00E-11-1
02334	S08_00E-11-2
02335	S08_00E-13-0
02336	S08_00E-14-0
02337	S08_00E-15-0
02338	S08_00E-16-0
02339	S08_00E-16-1
02340	S08_00E-16-2
02341	S08_00E-17-0
02342	S08_00E-18-0
02343	S08_00E-18-1
02344	S08_00E-19-0
02345	S08_00E-19-1
02346	S08_00E-20-0
02347	S08_00E-21-0
02348	S08_00E-22-0
02349	S08_00E-23-0
02350	S08_00E-24-0
02351	S08_00E-24-1
02352	S08_00E-25-0
02353	S08_00E-26-0
02354	S08_00E-27-0
02355	S08_00E-28-0
02356	S08_00E-29-0
02357	S08_00E-30-0
02358	S08_00E-31-0
02359	S08_00E-32-0
02360	S08_00E-33-0
02361	S08_00E-34-0
02362	S08_00E-35-0
02363	S08_00E-36-0
02364	S08_032-0-0
02365	S08_032-1-0
02366	S08_032-2-0
02367	S08_032-3-0
02368	S08_032-4-0
02369	S08_032-5-0
02370	S08_032-6-0
02371	S08_032-7-0
02372	S08_032-8-0
02373	S08_032-8-1
02374	S08_032-9-0
02375	S08_032-10-0
02376	S08_032-11-0
02377	S08_032-12-0
02378	S08_032-13-0
02379	S08_032-13-1
02380	S08_032-14-0
02381	S08_032-14-1
02382	S08_032-14-2
02383	S08_032-15-0
02384	S08_032-16-0
02385	S08_032-17-0
02386	S08_032-17-1
02387	S08_032-17-2
02388	S08_032-17-3
02389	S08_032-17-4
02390	S08_032-17-5
02391	S08_032-18-0	S08_032-21-1
02392	S08_032-18-1
02393	S08_032-18-2
02394	S08_032-18-3	S08_032-21-4
02395	S08_032-19-0	S08_032-21-0
02396	S08_032-20-0
02397	S08_032-21-2
02398	S08_032-21-3
02399	S08_032-22-0
02400	S08_069-0-0
02401	S08_069-1-0
02402	S08_069-2-0
02403	S08_069-3-0
02404	S08_069-4-0
02405	S08_069-5-0
02406	S08_069-6-0
02407	S08_069-6-1
02408	S08_069-7-0
02409	S08_069-8-0
02410	S08_069-9-0
02411	S08_069-9-1
02412	S08_069-10-0
02413	S08_069-11-0
02414	S08_069-11-1
02415	S08_069-12-0
02416	S08_069-12-1
02417	S08_069-13-0
02418	S08_069-14-0
02419	S08_069-14-1
02420	S08_069-14-2
02421	S08_069-14-3
02422	S08_069-14-4
02423	S08_069-14-5
02424	S08_069-14-6
02425	S08_069-14-7
02426	S08_069-15-0
02427	S08_069-16-0
02428	S08_069-17-0
02429	S08_069-18-0
02430	S08_069-18-1
02431	S08_069-19-0
02432	S08_069-20-0
02433	S08_069-20-1
02434	S08_069-21-0
02435	S08_069-22-0
02436	S08_069-23-0
02437	S08_069-24-0
02438	S08_069-25-0
02439	S08_069-25-1
02440	S08_069-25-2
02441	S08_069-26-0
02442	S08_069-26-2
02443	S08_069-26-3
02444	S08_069-27-0
02445	S08_069-28-0
02446	S08_069-29-0
02447	S08_069-29-1
02448	S08_069-30-0
02449	S08_069-31-0
02450	S08_069-32-0
02451	S08_069-32-1
02452	S08_069-33-0
02453	S08_069-33-1
02454	S08_069-33-2
02455	S08_069-34-0
02456	S08_069-34-1
02457	S08_069-35-0
02458	S08_069-35-1
02459	S08_069-36-0
02460	S08_069-36-1
02461	S08_069-36-2
02462	S08_069-36-3
02463	S08_069-36-4
02464	S08_069-37-0
02465	S08_069-37-1
02466	S08_069-37-2
02467	S08_069-38-0
02468	S08_069-38-1
02469	S08_069-39-0
02470	S08_069-40-0
02471	S08_069-40-1
02472	S08_069-40-2
02473	S08_069-41-0
02474	S08_069-42-0
02475	S08_069-43-0
02476	S08_069-44-0
02477	S08_069-44-1
02478	S08_069-44-2
02479	S08_069-45-0
02480	S08_069-45-1
02481	S08_069-46-0
02482	S08_069-47-0
02483	S08_069-47-1
02484	S08_069-47-2
02485	S08_069-47-3
02486	S08_069-47-4
02487	S08_069-48-0
02488	S08_069-49-0
02489	S08_069-50-0
02490	S08_069-51-0
02491	S08_069-51-1
02492	S08_069-51-2
02493	S08_069-51-3
02494	S08_069-52-0
02495	S08_069-53-0
02496	S08_069-53-1
02497	S08_069-54-0
02498	S08_069-54-1
02499	S08_069-54-2
02500	S08_069-55-0
02501	S08_069-56-0	S08_069-57-0
02502	S08_069-56-1
02503	S08_069-56-2
02504	S08_069-56-3
02505	S08_069-57-1
02506	S08_069-58-0
02507	S08_069-59-0
02508	S08_069-59-1
02509	S08_069-60-0
02510	S08_069-61-0
02511	S08_069-62-0
02512	S08_069-62-1
02513	S08_069-62-2
02514	S08_069-62-3
02515	S08_069-63-0
02516	S08_069-64-0
02517	S08_069-65-0
02518	S08_069-66-0
02519	S08_069-67-0
02520	S08_069-68-0
02521	S08_069-70-0
02522	S08_069-75-0
02523	S08_069-75-1
02524	S08_069-76-0
02525	S08_069-77-0
02526	S08_069-79-0
02527	S08_069-80-1
02528	S08_069-81-0
02529	S08_069-81-1	S13_081-38-8
02530	S08_069-83-0
02531	S08_069-84-0
02532	S08_069-84-1
02533	S08_0B2-0-0
02534	S08_0B2-0-1
02535	S08_0B2-1-0
02536	S08_0B2-2-0
02537	S08_0B2-2-1
02538	S08_0B2-2-2
02539	S08_0B2-2-3
02540	S08_0B2-2-4
02541	S08_0B2-3-0
02542	S08_0B2-4-0
02543	S08_0B2-5-0
02544	S08_0B2-6-0
02545	S08_0B2-7-0
02546	S08_0B2-8-0
02547	S08_0B2-9-0
02548	S08_0B2-10-0
02549	S08_0B2-11-0
02550	S08_0B2-12-0
02551	S08_0B2-13-0
02552	S08_0B2-14-0
02553	S08_0B2-15-0
02554	S08_0B2-16-0
02555	S08_0B2-17-0
02556	S08_0B2-19-0
02557	S08_0B2-20-0
02558	S08_0B2-21-0
02559	S08_0B2-22-0
02560	S08_0B2-23-0
02561	S08_0B2-24-0
02562	S08_0B2-25-0
02563	S08_0B2-25-1
02564	S08_0B2-26-0
02565	S08_0B2-26-1
02566	S08_0B2-27-0
02567	S08_0B2-27-1
02568	S08_0B3-0-0
02569	S08_0B3-1-0
02570	S08_0B3-2-0
02571	S08_0B3-3-0
02572	S08_0B3-4-0
02573	S08_0B3-5-0
02574	S08_0B3-6-0
02575	S08_0B3-7-0
02576	S08_0B3-8-0
02577	S08_0B3-9-0
02578	S08_0B3-10-0
02579	S08_0B3-10-1
02580	S08_0B3-11-0
02581	S08_0B3-12-0
02582	S08_0B3-13-0
02583	S08_0B3-14-0
02584	S08_0B3-15-0
02585	S08_0B3-16-0
02586	S08_0B3-17-0
02587	S08_0B3-17-1
02588	S08_0B3-18-0
02589	S08_0B3-19-0
02590	S08_0B3-20-0
02591	S08_0B3-21-0
02592	S08_0B3-22-0
02593	S08_0B3-23-0
02594	S08_0B3-24-0
02595	S08_0B3-25-0
02596	S08_0B3-26-0
02597	S08_0B3-27-0
02598	S08_0B3-28-0
02599	S11_036-0-0
02600	S11_036-0-1
02601	S11_036-0-2
02602	S11_036-0-3	S11_036-1-7
02603	S11_036-1-0
02604	S11_036-1-1
02605	S11_036-1-2
02606	S11_036-1-3
02607	S11_036-1-4
02608	S11_036-1-5
02609	S11_036-1-6
02610	S11_036-2-0
02611	S11_036-2-1
02612	S11_036-2-2
02613	S11_036-3-0
02614	S11_036-3-1
02615	S11_036-4-0
02616	S11_036-5-0
02617	S11_036-6-0	S11_037-8-0
02618	S11_036-7-0	S11_037-7-0
02619	S11_036-8-0
02620	S11_036-9-0
02621	S11_036-9-1
02622	S11_036-10-0
02623	S11_036-10-1
02624	S11_036-10-2
02625	S11_036-10-3
02626	S11_036-10-4
02627	S11_036-10-5
02628	S11_036-10-6
02629	S11_036-10-7
02630	S11_036-10-8
02631	S11_036-10-9
02632	S11_036-10-10
02633	S11_036-10-11
02634	S11_036-11-0
02635	S11_036-12-0
02636	S11_036-12-1
02637	S11_036-13-0
02638	S11_036-14-0	S11_036-16-0	S11_036-17-0
02639	S11_036-14-1
02640	S11_036-15-0
02641	S11_036-16-1
02642	S11_036-18-0
02643	S11_036-18-1
02644	S11_036-19-0
02645	S11_036-20-0	S11_037-24-0
02646	S11_036-21-0	S11_037-25-0	S11_047-85-0	S11_048-40-0	S11_070-40-0	S11_0C0-14-0
02647	S11_036-22-0	S11_037-26-0	S11_047-86-0	S11_048-41-0	S11_070-41-0	S11_0C0-15-0
02648	S11_036-23-0	S11_037-27-0	S11_047-87-0	S11_048-42-0	S11_070-42-0	S11_0C0-16-0
02649	S11_036-24-0	S11_037-28-0	S11_047-88-0	S11_048-43-0	S11_070-43-0	S11_0C0-17-0
02650	S11_036-25-0	S11_037-29-0	S11_047-89-0	S11_048-44-0	S11_070-44-0	S11_0C0-18-0
02651	S11_036-26-0	S11_037-30-0	S11_047-90-0	S11_048-45-0	S11_070-45-0	S11_0C0-19-0
02652	S11_036-27-0	S11_037-31-0	S11_047-91-0	S11_048-46-0	S11_070-46-0	S11_0C0-20-0
02653	S11_036-28-0	S11_037-32-0	S11_047-92-0	S11_048-47-0	S11_070-47-0	S11_0C0-21-0
02654	S11_036-29-0	S11_037-33-0	S11_047-93-0	S11_048-48-0	S11_070-48-0	S11_0C0-22-0
02655	S11_036-30-0	S11_037-34-0	S11_047-94-0	S11_048-49-0	S11_070-49-0	S11_0C0-23-0
02656	S11_036-31-0	S11_037-35-0	S11_047-95-0	S11_048-50-0	S11_070-50-0	S11_0C0-24-0
02657	S11_036-31-1	S11_037-35-1	S11_047-95-1	S11_048-50-1	S11_070-50-1	S11_0C0-24-1
02658	S11_036-32-0	S11_037-36-0	S11_047-96-0	S11_048-51-0	S11_070-51-0	S11_0C0-25-0
02659	S11_036-33-0	S11_037-37-0	S11_047-97-0	S11_048-52-0	S11_070-52-0	S11_0C0-26-0
02660	S11_036-35-0	S11_037-39-0	S11_047-99-0	S11_048-54-0	S11_070-54-0	S11_0C0-27-0
02661	S11_036-36-0	S11_037-40-0	S11_047-100-0	S11_048-55-0	S11_070-55-0	S11_0C0-28-0
02662	S11_037-0-0
02663	S11_037-0-1
02664	S11_037-0-2
02665	S11_037-0-3
02666	S11_037-0-4
02667	S11_037-0-5
02668	S11_037-1-0
02669	S11_037-2-0
02670	S11_037-3-0
02671	S11_037-4-0
02672	S11_037-4-1
02673	S11_037-4-2
02674	S11_037-5-0
02675	S11_037-6-0
02676	S11_037-9-0
02677	S11_037-9-1
02678	S11_037-9-2
02679	S11_037-9-3
02680	S11_037-9-4
02681	S11_037-9-5
02682	S11_037-9-6
02683	S11_037-9-7
02684	S11_037-9-8
02685	S11_037-9-9
02686	S11_037-9-10
02687	S11_037-9-11
02688	S11_037-10-0
02689	S11_037-11-0
02690	S11_037-12-0
02691	S11_037-13-0
02692	S11_037-13-1
02693	S11_037-13-2
02694	S11_037-14-0
02695	S11_037-15-0
02696	S11_037-15-1
02697	S11_037-15-2
02698	S11_037-15-3
02699	S11_037-15-4
02700	S11_037-15-5
02701	S11_037-15-6
02702	S11_037-15-7
02703	S11_037-16-0
02704	S11_037-16-1
02705	S11_037-16-2
02706	S11_037-16-3
02707	S11_037-17-0
02708	S11_037-18-0
02709	S11_037-18-1
02710	S11_037-18-2
02711	S11_037-18-3	S11_037-19-3
02712	S11_037-19-0
02713	S11_037-19-1
02714	S11_037-19-2
02715	S11_037-20-0
02716	S11_037-22-0
02717	S11_037-23-0
02718	S11_047-0-0	S11_071-2-3
02719	S11_047-0-1
02720	S11_047-0-2
02721	S11_047-0-3
02722	S11_047-0-4
02723	S11_047-0-5
02724	S11_047-0-6
02725	S11_047-0-7
02726	S11_047-0-8
02727	S11_047-0-9
02728	S11_047-0-10
02729	S11_047-0-11
02730	S11_047-1-0
02731	S11_047-1-1
02732	S11_047-1-2
02733	S11_047-1-3
02734	S11_047-1-4
02735	S11_047-1-5
02736	S11_047-1-6
02737	S11_047-1-7
02738	S11_047-1-8
02739	S11_047-1-9
02740	S11_047-1-10
02741	S11_047-2-0	S11_047-6-0
02742	S11_047-3-0	S11_047-7-0
02743	S11_047-3-1	S11_047-7-1
02744	S11_047-3-2
02745	S11_047-3-3	S11_047-7-3
02746	S11_047-4-0	S11_047-8-0
02747	S11_047-7-2
02748	S11_047-10-0
02749	S11_047-11-0
02750	S11_047-11-1
02751	S11_047-12-0
02752	S11_047-14-0
02753	S11_047-15-0
02754	S11_047-15-1
02755	S11_047-17-0
02756	S11_047-17-1
02757	S11_047-17-2
02758	S11_047-18-0
02759	S11_047-18-1
02760	S11_047-19-0
02761	S11_047-20-0
02762	S11_047-21-0
02763	S11_047-23-0
02764	S11_047-23-1
02765	S11_047-23-2
02766	S11_047-24-0	S11_047-32-0	S11_047-33-0
02767	S11_047-24-1
02768	S11_047-28-0
02769	S11_047-29-0
02770	S11_047-30-0
02771	S11_047-31-0
02772	S11_047-32-1
02773	S11_047-32-2
02774	S11_047-33-1
02775	S11_047-33-2
02776	S11_047-36-0
02777	S11_047-36-1	S11_047-37-2
02778	S11_047-36-2
02779	S11_047-36-3	S11_047-37-4
02780	S11_047-36-4
02781	S11_047-36-5
02782	S11_047-37-0
02783	S11_047-37-1
02784	S11_047-37-3
02785	S11_047-38-0	S11_047-41-0
02786	S11_047-38-1
02787	S11_047-38-2
02788	S11_047-38-3
02789	S11_047-39-0
02790	S11_047-41-1
02791	S11_047-41-2
02792	S11_047-41-3
02793	S11_047-41-4
02794	S11_047-41-5
02795	S11_047-42-0
02796	S11_047-42-1
02797	S11_047-42-2
02798	S11_047-43-0
02799	S11_047-43-1
02800	S11_047-44-0	S11_047-45-0
02801	S11_047-44-1	S11_047-45-1
02802	S11_047-44-2	S11_047-45-2
02803	S11_047-44-3
02804	S11_047-45-3
02805	S11_047-45-4
02806	S11_047-45-5
02807	S11_047-46-0
02808	S11_047-46-1
02809	S11_047-46-2
02810	S11_047-46-3
02811	S11_047-46-4
02812	S11_047-46-5
02813	S11_047-47-0
02814	S11_047-48-0
02815	S11_047-48-1
02816	S11_047-48-2
02817	S11_047-49-0
02818	S11_047-49-1
02819	S11_047-50-0
02820	S11_047-50-1
02821	S11_047-51-0	S11_047-52-0	S11_047-53-0
02822	S11_047-51-1
02823	S11_047-51-2	S11_047-53-2
02824	S11_047-51-3	S11_047-53-3
02825	S11_047-51-4
02826	S11_047-51-5	S11_047-52-3
02827	S11_047-51-6	S11_047-52-4	S11_047-53-8
02828	S11_047-51-7	S11_047-52-5	S11_047-53-9
02829	S11_047-52-1
02830	S11_047-52-2
02831	S11_047-53-1
02832	S11_047-53-4
02833	S11_047-53-5
02834	S11_047-53-6
02835	S11_047-53-7
02836	S11_047-54-0
02837	S11_047-54-1
02838	S11_047-54-2
02839	S11_047-55-0
02840	S11_047-55-1
02841	S11_047-56-0
02842	S11_047-56-1
02843	S11_047-56-2
02844	S11_047-56-3
02845	S11_047-56-4
02846	S11_047-56-5
02847	S11_047-56-6
02848	S11_047-56-7
02849	S11_047-56-8
02850	S11_047-56-9
02851	S11_047-56-10
02852	S11_047-56-11
02853	S11_047-56-12
02854	S11_047-56-13
02855	S11_047-56-14
02856	S11_047-56-15
02857	S11_047-56-16
02858	S11_047-56-17
02859	S11_047-56-18
02860	S11_047-56-19
02861	S11_047-56-20
02862	S11_047-56-21
02863	S11_047-56-22
02864	S11_047-57-0
02865	S11_047-58-0
02866	S11_047-58-1
02867	S11_047-58-2
02868	S11_047-58-3
02869	S11_047-58-4
02870	S11_047-58-5
02871	S11_047-58-6
02872	S11_047-58-7
02873	S11_047-58-8
02874	S11_047-58-9
02875	S11_047-58-10
02876	S11_047-58-11
02877	S11_047-58-12
02878	S11_047-58-13
02879	S11_047-58-14
02880	S11_047-58-15
02881	S11_047-58-16
02882	S11_047-58-17
02883	S11_047-58-18
02884	S11_047-58-19
02885	S11_047-58-20
02886	S11_047-58-21
02887	S11_047-58-22
02888	S11_047-58-23
02889	S11_047-58-24
02890	S11_047-58-25
02891	S11_047-58-26
02892	S11_047-59-0	S12_077-29-0
02893	S11_047-59-1
02894	S11_047-60-0
02895	S11_047-61-0
02896	S11_047-61-1
02897	S11_047-61-3
02898	S11_047-61-4
02899	S11_047-61-5
02900	S11_047-61-6
02901	S11_047-62-0
02902	S11_047-62-1
02903	S11_047-62-2
02904	S11_047-62-3
02905	S11_047-63-0
02906	S11_047-64-0
02907	S11_047-65-0
02908	S11_047-66-0
02909	S11_047-67-0
02910	S11_047-68-0
02911	S11_047-69-0
02912	S11_047-70-0
02913	S11_047-71-0
02914	S11_047-72-0
02915	S11_047-73-0
02916	S11_047-74-0
02917	S11_047-74-1
02918	S11_047-75-0
02919	S11_047-75-1
02920	S11_047-76-0
02921	S11_047-76-1
02922	S11_047-76-2
02923	S11_047-76-3
02924	S11_047-77-0
02925	S11_047-78-0
02926	S11_047-79-0
02927	S11_047-80-0
02928	S11_047-81-0
02929	S11_047-81-1
02930	S11_047-82-0
02931	S11_048-0-0
02932	S11_048-1-0	S11_048-2-0
02933	S11_048-1-1
02934	S11_048-1-2
02935	S11_048-3-0
02936	S11_048-3-1
02937	S11_048-3-2
02938	S11_048-3-3
02939	S11_048-3-4
02940	S11_048-3-5
02941	S11_048-3-6
02942	S11_048-3-7
02943	S11_048-3-8
02944	S11_048-3-9
02945	S11_048-3-10
02946	S11_048-3-11	S11_048-4-0
02947	S11_048-5-0	S11_048-6-0
02948	S11_048-7-0
02949	S11_048-8-0
02950	S11_048-8-1
02951	S11_048-8-2
02952	S11_048-8-3
02953	S11_048-8-4
02954	S11_048-8-5
02955	S11_048-8-6
02956	S11_048-8-7
02957	S11_048-8-8
02958	S11_048-8-9
02959	S11_048-8-10
02960	S11_048-8-11
02961	S11_048-8-12
02962	S11_048-8-13
02963	S11_048-8-14
02964	S11_048-8-15
02965	S11_048-9-0
02966	S11_048-9-1
02967	S11_048-10-0
02968	S11_048-10-1
02969	S11_048-10-2
02970	S11_048-10-3
02971	S11_048-11-0
02972	S11_048-12-0
02973	S11_048-13-0
02974	S11_048-14-0
02975	S11_048-15-0
02976	S11_048-16-0
02977	S11_048-17-0
02978	S11_048-18-0
02979	S11_048-19-0
02980	S11_048-20-0
02981	S11_048-20-1
02982	S11_048-20-2
02983	S11_048-20-3
02984	S11_048-20-4
02985	S11_048-20-5
02986	S11_048-20-6
02987	S11_048-20-7
02988	S11_048-20-8
02989	S11_048-20-9
02990	S11_048-20-10
02991	S11_048-21-0
02992	S11_048-21-1
02993	S11_048-21-2	S11_048-22-2
02994	S11_048-21-3	S11_048-22-3
02995	S11_048-22-0
02996	S11_048-22-1
02997	S11_048-23-0
02998	S11_048-23-1
02999	S11_048-23-2
03000	S11_048-23-3
03001	S11_048-23-4
03002	S11_048-23-5	S11_048-30-1
03003	S11_048-23-6	S11_048-30-2
03004	S11_048-23-7	S11_048-30-3
03005	S11_048-23-8	S11_048-30-4
03006	S11_048-24-0	S11_048-33-0
03007	S11_048-24-1
03008	S11_048-24-2
03009	S11_048-24-3
03010	S11_048-24-4	S11_048-31-5
03011	S11_048-24-5
03012	S11_048-25-0
03013	S11_048-26-0
03014	S11_048-27-0
03015	S11_048-28-0
03016	S11_048-29-0
03017	S11_048-30-0
03018	S11_048-31-0
03019	S11_048-31-1
03020	S11_048-31-2
03021	S11_048-31-3
03022	S11_048-31-4
03023	S11_048-31-6
03024	S11_048-32-0
03025	S11_048-33-1
03026	S11_048-33-2
03027	S11_048-33-3
03028	S11_048-33-4	S11_048-35-3
03029	S11_048-33-5	S11_048-35-4
03030	S11_048-33-6	S11_048-35-5	S11_048-36-7	S11_048-37-8	S11_048-38-8
03031	S11_048-33-7	S11_048-35-6	S11_048-36-8	S11_048-37-9	S11_048-38-9
03032	S11_048-33-8	S11_048-34-9	S11_048-35-7	S11_048-36-9	S11_048-37-10	S11_048-38-10
03033	S11_048-34-0
03034	S11_048-34-1
03035	S11_048-34-2
03036	S11_048-34-3
03037	S11_048-34-4
03038	S11_048-34-5
03039	S11_048-34-6
03040	S11_048-34-7
03041	S11_048-34-8
03042	S11_048-35-0
03043	S11_048-35-1
03044	S11_048-35-2	S11_048-36-2
03045	S11_048-36-0
03046	S11_048-36-1
03047	S11_048-36-3
03048	S11_048-36-4
03049	S11_048-36-5
03050	S11_048-36-6	S11_048-37-7	S11_048-38-7
03051	S11_048-37-0	S11_048-38-0
03052	S11_048-37-1
03053	S11_048-37-2
03054	S11_048-37-3	S11_048-38-3
03055	S11_048-37-4	S11_048-38-4
03056	S11_048-37-5
03057	S11_048-37-6
03058	S11_048-38-1
03059	S11_048-38-2
03060	S11_048-38-5
03061	S11_048-38-6
03062	S11_048-39-0
03063	S11_070-0-0
03064	S11_070-0-1
03065	S11_070-1-0
03066	S11_070-1-1
03067	S11_070-2-0
03068	S11_070-3-0
03069	S11_070-3-1
03070	S11_070-3-2
03071	S11_070-3-3
03072	S11_070-3-4
03073	S11_070-3-5
03074	S11_070-4-0
03075	S11_070-5-0
03076	S11_070-6-0	S11_0C0-5-0
03077	S11_070-6-1	S11_0C0-5-1
03078	S11_070-6-2	S11_0C0-5-2
03079	S11_070-6-3	S11_0C0-5-3
03080	S11_070-6-4	S11_0C0-5-4
03081	S11_070-6-5	S11_0C0-5-5
03082	S11_070-6-6	S11_0C0-5-6
03083	S11_070-6-7	S11_0C0-5-7
03084	S11_070-6-8	S11_0C0-5-8
03085	S11_070-6-9
03086	S11_070-7-0	S11_0C0-6-0
03087	S11_070-7-1	S11_0C0-6-1
03088	S11_070-7-2	S11_0C0-6-2
03089	S11_070-8-0	S11_0C0-7-0
03090	S11_070-9-0	S11_0C0-8-0
03091	S11_070-10-0
03092	S11_070-11-0	S11_0C0-10-0
03093	S11_070-11-1	S11_0C0-10-1
03094	S11_070-12-0
03095	S11_070-13-0
03096	S11_070-14-0
03097	S11_070-15-0
03098	S11_070-16-0
03099	S11_070-17-0
03100	S11_070-17-1
03101	S11_070-17-2
03102	S11_070-17-3
03103	S11_070-17-4
03104	S11_070-17-5
03105	S11_070-17-6
03106	S11_070-17-7
03107	S11_070-17-8
03108	S11_070-17-9	S11_070-18-0
03109	S11_070-17-10
03110	S11_070-19-0
03111	S11_070-20-0
03112	S11_070-21-0
03113	S11_070-22-0
03114	S11_070-23-0
03115	S11_070-24-0
03116	S11_070-24-1
03117	S11_070-25-0
03118	S11_070-26-0
03119	S11_070-27-0
03120	S11_070-28-0
03121	S11_070-29-0
03122	S11_070-30-0
03123	S11_070-31-0
03124	S11_070-32-0
03125	S11_070-33-0
03126	S11_070-34-0
03127	S11_070-35-0
03128	S11_070-35-1	S11_070-37-1
03129	S11_070-36-0
03130	S11_070-37-0
03131	S11_070-38-0	S11_0C0-3-0
03132	S11_070-39-0	S11_0C0-13-0
03133	S11_071-0-0
03134	S11_071-1-0
03135	S11_071-1-1
03136	S11_071-1-2
03137	S11_071-1-3
03138	S11_071-1-4
03139	S11_071-1-5
03140	S11_071-1-6
03141	S11_071-1-7
03142	S11_071-1-8
03143	S11_071-1-9
03144	S11_071-1-10
03145	S11_071-1-11
03146	S11_071-1-12
03147	S11_071-1-13
03148	S11_071-1-14
03149	S11_071-1-15
03150	S11_071-1-16
03151	S11_071-1-17
03152	S11_071-1-18
03153	S11_071-1-19
03154	S11_071-1-20	S15_091-62-19
03155	S11_071-1-21
03156	S11_071-1-22
03157	S11_071-1-23
03158	S11_071-1-24
03159	S11_071-1-25
03160	S11_071-1-26
03161	S11_071-1-27
03162	S11_071-1-28
03163	S11_071-2-0
03164	S11_071-2-1
03165	S11_071-2-2
03166	S11_071-2-4
03167	S11_071-2-5
03168	S11_071-2-6
03169	S11_071-2-7
03170	S11_071-2-8
03171	S11_071-2-9
03172	S11_071-2-10
03173	S11_071-2-11
03174	S11_071-2-12
03175	S11_071-2-13
03176	S11_071-2-14
03177	S11_071-2-15
03178	S11_071-2-16
03179	S11_071-2-17
03180	S11_071-2-18
03181	S11_071-2-20
03182	S11_071-2-21
03183	S11_071-2-22
03184	S11_071-2-23
03185	S11_0C0-0-0
03186	S11_0C0-0-1
03187	S11_0C0-0-2
03188	S11_0C0-1-0
03189	S11_0C0-2-0
03190	S11_0C0-2-1
03191	S11_0C0-4-0
03192	S11_0C0-4-1
03193	S11_0C0-5-9
03194	S11_0C0-9-0
03195	S11_0C0-11-0	S11_0C0-12-0
03196	S11_0C0-11-1
03197	S11_0C0-11-2	S11_0C0-12-2
03198	S11_0C0-11-3
03199	S11_0C0-11-4
03200	S11_0C0-12-1
03201	S11_0C0-12-3
03202	S11_0C0-12-4
03203	S12_077-0-0
03204	S12_077-0-2
03205	S12_077-0-3
03206	S12_077-0-4
03207	S12_077-0-5
03208	S12_077-0-6
03209	S12_077-0-7
03210	S12_077-0-8
03211	S12_077-0-9
03212	S12_077-0-10
03213	S12_077-0-11
03214	S12_077-0-12
03215	S12_077-0-13
03216	S12_077-0-14
03217	S12_077-0-15
03218	S12_077-0-16
03219	S12_077-0-17
03220	S12_077-0-18
03221	S12_077-1-0
03222	S12_077-2-0
03223	S12_077-3-0
03224	S12_077-3-1
03225	S12_077-3-2
03226	S12_077-3-3
03227	S12_077-3-4
03228	S12_077-3-5
03229	S12_077-3-6
03230	S12_077-3-7
03231	S12_077-4-0
03232	S12_077-5-0
03233	S12_077-5-1
03234	S12_077-5-2
03235	S12_077-5-3
03236	S12_077-5-4
03237	S12_077-5-5
03238	S12_077-5-6
03239	S12_077-5-7
03240	S12_077-5-8
03241	S12_077-6-0
03242	S12_077-7-0
03243	S12_077-8-0
03244	S12_077-9-0
03245	S12_077-10-0
03246	S12_077-10-1
03247	S12_077-11-0
03248	S12_077-11-1
03249	S12_077-12-0
03250	S12_077-12-1
03251	S12_077-13-0
03252	S12_077-14-0
03253	S12_077-15-0
03254	S12_077-16-0
03255	S12_077-16-1
03256	S12_077-16-2
03257	S12_077-16-3
03258	S12_077-16-4
03259	S12_077-17-0
03260	S12_077-18-0
03261	S12_077-19-0
03262	S12_077-20-0
03263	S12_077-21-0
03264	S12_077-21-1
03265	S12_077-21-2
03266	S12_077-21-3
03267	S12_077-21-4
03268	S12_077-21-5
03269	S12_077-21-6
03270	S12_077-21-7
03271	S12_077-21-8
03272	S12_077-21-9
03273	S12_077-21-10
03274	S12_077-21-11
03275	S12_077-22-0
03276	S12_077-23-0
03277	S12_077-23-1
03278	S12_077-23-2
03279	S12_077-23-3
03280	S12_077-23-4
03281	S12_077-23-5
03282	S12_077-23-6
03283	S12_077-23-7
03284	S12_077-23-8
03285	S12_077-23-9
03286	S12_077-25-0
03287	S12_077-25-1
03288	S12_077-25-2
03289	S12_077-26-0	S12_077-28-0
03290	S12_077-26-1	S12_077-28-1
03291	S12_077-27-0
03292	S12_077-27-1
03293	S12_077-27-2
03294	S12_077-30-0
03295	S12_077-30-1
03296	S12_077-31-0
03297	S12_077-31-1
03298	S12_077-31-2
03299	S12_077-31-3
03300	S12_077-31-4
03301	S12_077-32-0
03302	S12_077-33-0
03303	S12_077-33-1
03304	S12_077-33-2
03305	S12_077-33-3
03306	S12_077-34-0
03307	S12_077-34-1	S12_077-35-0	S15_091-58-3
03308	S12_077-34-2
03309	S12_077-36-0
03310	S12_077-36-1
03311	S12_077-36-2
03312	S12_077-38-0
03313	S12_077-38-1
03314	S12_077-39-0
03315	S12_077-39-1
03316	S12_077-39-2
03317	S12_077-39-3
03318	S12_077-39-4
03319	S12_077-40-0
03320	S12_077-41-0
03321	S12_077-42-0
03322	S12_077-42-1
03323	S12_077-42-2
03324	S12_077-42-3
03325	S12_077-42-4
03326	S12_077-42-5
03327	S12_077-42-6
03328	S12_077-42-7
03329	S12_077-43-0
03330	S12_077-43-1
03331	S12_077-44-0
03332	S12_077-44-1
03333	S12_077-44-2
03334	S12_077-44-3
03335	S12_077-45-0
03336	S12_077-45-1
03337	S12_077-45-2
03338	S12_077-46-0	S12_077-47-0
03339	S12_077-46-1
03340	S12_077-46-2
03341	S12_077-47-1
03342	S12_077-48-0
03343	S12_077-50-0
03344	S12_077-50-1
03345	S12_077-50-2
03346	S12_077-50-3
03347	S12_077-50-4
03348	S12_077-51-0
03349	S12_077-55-0
03350	S12_077-55-1
03351	S12_077-55-2
03352	S12_077-56-0
03353	S12_077-59-0
03354	S12_077-64-0
03355	S12_077-64-1
03356	S12_077-64-2
03357	S12_077-64-3
03358	S12_077-64-4
03359	S12_077-64-5
03360	S12_077-64-6
03361	S12_077-64-7
03362	S12_077-64-8
03363	S12_077-64-9
03364	S12_077-64-10
03365	S12_077-64-11
03366	S12_077-64-12
03367	S12_077-64-13
03368	S12_077-66-0
03369	S12_077-69-0
03370	S12_077-69-1
03371	S12_077-69-2
03372	S12_077-69-3
03373	S12_077-69-4
03374	S12_077-69-5
03375	S12_077-69-6
03376	S12_077-70-0	S12_077-71-1
03377	S12_077-70-1	S12_077-71-2
03378	S12_077-70-2
03379	S12_077-71-0
03380	S12_077-71-3
03381	S12_077-72-0
03382	S12_077-74-0
03383	S12_077-81-0
03384	S12_077-81-1
03385	S12_077-81-2
03386	S12_077-81-3
03387	S12_077-81-4
03388	S12_077-82-0
03389	S12_077-82-1	S12_077-83-1	S12_077-84-1
03390	S12_077-82-2
03391	S12_077-82-3
03392	S12_077-82-4
03393	S12_077-83-0	S12_077-84-0
03394	S12_077-83-2	S12_077-84-2
03395	S12_077-83-3
03396	S12_077-83-4
03397	S12_077-85-0
03398	S12_077-87-0
03399	S12_077-88-0
03400	S12_077-88-1
03401	S12_077-88-2
03402	S12_077-89-0
03403	S12_077-89-1
03404	S12_077-89-2
03405	S12_077-89-3
03406	S12_077-89-4
03407	S12_077-89-5
03408	S12_077-89-6
03409	S12_077-89-7
03410	S12_077-91-0
03411	S12_077-92-0
03412	S12_077-94-0
03413	S12_077-95-0
03414	S12_077-96-0
03415	S12_077-97-0
03416	S12_077-101-0
03417	S12_077-102-0
03418	S12_077-104-0	S12_077-108-0
03419	S12_077-112-0
03420	S12_077-113-0
03421	S12_077-116-0
03422	S12_077-116-1
03423	S12_077-118-0
03424	S12_077-119-0
03425	S12_077-119-1
03426	S12_077-119-2
03427	S12_077-119-3
03428	S12_077-119-4
03429	S12_077-121-0
03430	S12_077-121-1
03431	S12_077-121-2
03432	S12_077-121-3
03433	S12_077-121-4
03434	S12_077-121-5
03435	S12_077-122-0
03436	S12_077-122-1
03437	S12_077-122-2
03438	S12_077-122-3
03439	S12_077-122-4
03440	S12_077-123-0
03441	S12_077-123-1
03442	S13_01F-0-0
03443	S13_01F-1-0
03444	S13_01F-1-1
03445	S13_01F-2-0
03446	S13_01F-3-0
03447	S13_01F-4-0
03448	S13_01F-4-1
03449	S13_01F-5-0
03450	S13_01F-5-1	S13_01F-6-0
03451	S13_01F-7-0
03452	S13_01F-7-1
03453	S13_01F-7-2
03454	S13_01F-7-3
03455	S13_01F-8-0
03456	S13_01F-8-1
03457	S13_01F-9-0
03458	S13_01F-9-1
03459	S13_01F-10-0
03460	S13_01F-11-0
03461	S13_01F-12-0	S13_01F-13-0
03462	S13_01F-12-1
03463	S13_01F-13-1
03464	S13_01F-14-0
03465	S13_01F-14-1
03466	S13_01F-15-0
03467	S13_01F-16-0
03468	S13_01F-17-0
03469	S13_01F-17-1
03470	S13_01F-18-0
03471	S13_01F-19-0
03472	S13_01F-20-0
03473	S13_01F-21-0
03474	S13_01F-21-1
03475	S13_01F-21-2
03476	S13_01F-22-0
03477	S13_01F-23-0
03478	S13_01F-23-1
03479	S13_01F-23-2
03480	S13_01F-23-3
03481	S13_01F-24-0
03482	S13_01F-24-1
03483	S13_030-0-0
03484	S13_030-1-0
03485	S13_030-2-0
03486	S13_030-3-0	S13_030-4-0
03487	S13_030-3-1
03488	S13_030-3-2
03489	S13_030-3-3
03490	S13_030-4-1
03491	S13_030-5-0
03492	S13_030-6-0
03493	S13_030-7-0
03494	S13_030-8-0
03495	S13_030-9-0
03496	S13_030-10-0
03497	S13_030-10-1
03498	S13_030-11-0
03499	S13_030-12-0
03500	S13_030-12-1
03501	S13_030-13-0
03502	S13_030-14-0
03503	S13_030-14-1	S13_030-16-0
03504	S13_030-14-2	S13_030-16-1
03505	S13_030-14-3	S13_030-16-2
03506	S13_030-14-4	S13_030-16-3
03507	S13_030-14-5	S13_030-16-4
03508	S13_030-14-6
03509	S13_030-14-7
03510	S13_030-14-8
03511	S13_030-14-9
03512	S13_030-14-10
03513	S13_030-14-11
03514	S13_030-14-12
03515	S13_030-15-0
03516	S13_030-15-1
03517	S13_030-17-0
03518	S13_030-18-0
03519	S13_030-19-0
03520	S13_030-19-1
03521	S13_030-20-0
03522	S13_030-21-0
03523	S13_030-22-0	S13_030-23-0
03524	S13_030-22-1
03525	S13_033-0-0
03526	S13_033-0-1
03527	S13_033-0-2
03528	S13_033-0-3
03529	S13_033-0-4
03530	S13_033-0-5
03531	S13_033-0-6
03532	S13_033-0-7
03533	S13_033-0-8
03534	S13_033-0-9
03535	S13_033-0-10
03536	S13_033-0-11
03537	S13_033-1-0
03538	S13_033-2-0
03539	S13_033-2-1
03540	S13_033-2-2
03541	S13_033-2-3
03542	S13_033-2-4
03543	S13_033-3-0
03544	S13_033-4-0
03545	S13_033-4-1
03546	S13_033-4-2
03547	S13_033-4-3
03548	S13_033-4-4
03549	S13_033-4-5
03550	S13_033-5-0
03551	S13_033-6-0
03552	S13_033-6-1
03553	S13_033-6-3
03554	S13_033-6-4
03555	S13_033-7-0
03556	S13_033-8-0
03557	S13_033-8-1
03558	S13_033-9-0
03559	S13_033-10-0
03560	S13_033-11-1
03561	S13_033-11-2
03562	S13_033-11-3
03563	S13_033-11-4
03564	S13_033-12-0	S13_033-12-1	S13_033-49-6	S13_033-50-0	S13_033-50-1	S15_091-60-0
03565	S13_033-12-2
03566	S13_033-13-0
03567	S13_033-13-1
03568	S13_033-13-2
03569	S13_033-13-3
03570	S13_033-14-0
03571	S13_033-15-0
03572	S13_033-16-0
03573	S13_033-17-0
03574	S13_033-17-1
03575	S13_033-17-2
03576	S13_033-18-0
03577	S13_033-19-0
03578	S13_033-19-1
03579	S13_033-20-0
03580	S13_033-21-0
03581	S13_033-22-0
03582	S13_033-23-0
03583	S13_033-24-0
03584	S13_033-25-0
03585	S13_033-25-1	S13_033-26-0
03586	S13_033-27-0
03587	S13_033-28-0
03588	S13_033-29-0
03589	S13_033-29-1
03590	S13_033-30-0
03591	S13_033-31-0
03592	S13_033-32-0
03593	S13_033-33-0
03594	S13_033-34-0
03595	S13_033-35-0
03596	S13_033-36-0
03597	S13_033-37-0
03598	S13_033-38-0
03599	S13_033-38-1
03600	S13_033-39-0
03601	S13_033-40-0
03602	S13_033-40-1
03603	S13_033-40-2
03604	S13_033-40-3
03605	S13_033-40-4
03606	S13_033-40-5
03607	S13_033-40-6
03608	S13_033-40-7
03609	S13_033-40-8
03610	S13_033-42-0
03611	S13_033-42-1
03612	S13_033-43-0
03613	S13_033-43-1
03614	S13_033-43-2
03615	S13_033-45-0
03616	S13_033-45-1
03617	S13_033-46-0
03618	S13_033-47-0
03619	S13_033-47-1
03620	S13_033-48-0
03621	S13_033-49-0
03622	S13_033-49-1
03623	S13_033-49-2
03624	S13_033-49-3
03625	S13_033-49-4
03626	S13_033-49-5
03627	S13_033-49-7
03628	S13_033-51-0
03629	S13_033-51-1
03630	S13_033-52-0
03631	S13_034-0-0	S13_034-1-0	S13_034-2-0	S13_034-3-0	S13_034-4-0	S13_034-5-0	S13_034-6-0	S13_034-7-0	S13_034-9-0	S13_034-10-0	S13_034-11-0	S13_034-12-0	S13_034-13-0	S13_034-14-0	S13_034-15-0	S13_034-16-0	S13_034-17-0	S13_034-18-0	S13_034-20-0	S13_034-21-0	S13_034-22-0	S13_034-24-0	S13_034-25-0	S13_034-26-0	S13_034-27-0	S13_034-28-0	S13_034-29-0	S13_034-32-0	S13_034-34-0	S13_034-35-0	S13_034-36-0	S13_034-37-0	S13_034-38-0	S13_034-39-0	S13_034-41-0	S13_034-42-0	S13_034-43-0	S13_034-44-0	S13_034-45-0	S13_034-46-0	S13_034-47-0	S13_034-48-0	S13_034-49-0	S13_034-50-0	S13_034-51-0	S13_034-52-0	S13_034-53-0	S13_034-54-0
03632	S13_034-8-0
03633	S13_034-8-1
03634	S13_034-19-0
03635	S13_034-19-1
03636	S13_034-23-0
03637	S13_034-23-1
03638	S13_034-30-0
03639	S13_034-30-1
03640	S13_034-30-2
03641	S13_034-31-0
03642	S13_034-31-1
03643	S13_034-33-0
03644	S13_034-33-1
03645	S13_034-33-2
03646	S13_034-40-0
03647	S13_034-40-1
03648	S13_034-55-0
03649	S13_034-56-0	S13_034-57-0
03650	S13_034-56-1
03651	S13_034-56-2	S13_034-57-2
03652	S13_034-56-3	S13_034-57-3	S13_034-58-2
03653	S13_034-56-4	S13_034-57-4
03654	S13_034-57-1
03655	S13_034-58-0
03656	S13_034-58-1
03657	S13_034-59-0
03658	S13_034-60-0
03659	S13_034-61-0
03660	S13_034-62-0
03661	S13_034-62-1
03662	S13_034-63-0
03663	S13_034-65-0
03664	S13_034-66-0
03665	S13_034-67-0
03666	S13_038-0-0
03667	S13_038-1-0
03668	S13_038-2-0
03669	S13_038-3-0
03670	S13_038-3-1
03671	S13_038-3-2
03672	S13_038-3-3
03673	S13_038-4-0
03674	S13_038-4-1
03675	S13_038-5-0
03676	S13_038-5-1
03677	S13_038-6-0
03678	S13_038-6-1
03679	S13_038-7-0
03680	S13_038-8-0
03681	S13_038-9-0
03682	S13_038-9-1
03683	S13_038-10-0
03684	S13_038-10-1
03685	S13_038-11-0
03686	S13_038-12-0
03687	S13_038-13-0
03688	S13_038-14-0
03689	S13_081-0-0
03690	S13_081-0-1
03691	S13_081-1-0
03692	S13_081-2-0
03693	S13_081-2-1
03694	S13_081-3-0
03695	S13_081-3-1
03696	S13_081-4-0
03697	S13_081-4-1
03698	S13_081-5-0
03699	S13_081-6-0
03700	S13_081-7-0
03701	S13_081-7-1
03702	S13_081-7-2
03703	S13_081-8-0
03704	S13_081-9-0
03705	S13_081-10-0
03706	S13_081-11-0
03707	S13_081-11-1
03708	S13_081-11-2
03709	S13_081-11-3
03710	S13_081-12-0
03711	S13_081-13-0
03712	S13_081-13-1
03713	S13_081-14-0
03714	S13_081-15-0
03715	S13_081-16-0
03716	S13_081-17-0
03717	S13_081-18-0
03718	S13_081-19-0
03719	S13_081-19-1
03720	S13_081-20-0
03721	S13_081-20-1
03722	S13_081-20-2
03723	S13_081-20-3
03724	S13_081-21-0
03725	S13_081-21-1
03726	S13_081-22-0
03727	S13_081-22-1
03728	S13_081-22-2
03729	S13_081-23-0
03730	S13_081-24-0
03731	S13_081-25-0
03732	S13_081-26-0
03733	S13_081-32-0
03734	S13_081-34-0
03735	S13_081-35-0
03736	S13_081-37-1
03737	S13_081-38-0
03738	S13_081-38-1
03739	S13_081-38-2
03740	S13_081-38-3
03741	S13_081-38-4
03742	S13_081-38-6
03743	S13_081-38-7
03744	S13_081-40-0
03745	S13_081-40-1
03746	S13_081-41-0
03747	S13_081-41-1
03748	S13_081-41-2
03749	S13_081-41-3
03750	S13_081-41-4
03751	S13_081-42-0
03752	S13_081-42-1
03753	S13_08E-0-0
03754	S13_08E-0-1
03755	S13_08E-1-0
03756	S13_08E-2-0
03757	S13_08E-3-0
03758	S13_08E-4-0
03759	S13_08E-5-0
03760	S13_08E-5-1
03761	S13_08E-6-0
03762	S13_08E-6-1
03763	S13_08E-7-0
03764	S13_08E-7-1
03765	S13_08E-7-2
03766	S13_08E-8-0
03767	S13_08E-8-1
03768	S13_08E-9-0
03769	S13_08E-9-1
03770	S13_08E-10-0
03771	S13_08E-11-0
03772	S13_08E-11-1
03773	S13_08E-12-0
03774	S13_08E-12-1
03775	S13_08E-13-0
03776	S13_08E-14-0
03777	S13_08E-14-1
03778	S13_08E-15-0
03779	S13_08E-16-0
03780	S13_08E-16-1
03781	S13_08E-17-0
03782	S13_08E-18-0
03783	S13_08E-18-1
03784	S13_08E-19-0
03785	S13_08E-19-1
03786	S13_08E-19-2
03787	S13_08E-20-0
03788	S13_08E-20-1
03789	S13_08E-21-0
03790	S13_08E-22-0
03791	S13_08E-24-0
03792	S13_08E-24-1
03793	S13_08E-24-2
03794	S13_08E-24-3
03795	S13_08E-24-4
03796	S13_08E-24-5
03797	S13_08E-24-6
03798	S13_08E-24-7
03799	S13_08E-24-8
03800	S13_08E-24-9
03801	S13_08E-24-10
03802	S13_08E-24-11
03803	S13_08E-24-12
03804	S13_08E-24-13
03805	S13_08E-24-14
03806	S13_08E-24-15
03807	S13_08E-24-16
03808	S13_08E-24-17
03809	S13_08E-24-18
03810	S13_08E-24-19
03811	S13_08E-24-20
03812	S13_08E-24-21
03813	S13_08E-24-22
03814	S13_08E-24-23
03815	S13_08E-24-24
03816	S13_08E-24-25
03817	S13_08E-25-0
03818	S13_08E-25-1
03819	S13_08E-26-0
03820	S13_08E-27-0
03821	S13_0AD-10-0
03822	S13_0AD-10-1
03823	S13_0AD-10-2
03824	S13_0AD-11-0
03825	S13_0AD-11-1
03826	S13_0AD-11-2
03827	S13_0AD-12-0
03828	S13_0AD-12-1
03829	S13_0AD-12-2
03830	S13_0AD-12-3
03831	S13_0AD-12-4
03832	S13_0AD-12-5
03833	S13_0AD-12-6
03834	S13_0AD-12-7
03835	S13_0AD-13-0
03836	S13_0AD-13-1
03837	S13_0AD-13-2
03838	S13_0AD-13-3
03839	S13_0AD-13-4
03840	S13_0AD-13-5
03841	S13_0AD-14-0
03842	S13_0AD-14-1
03843	S13_0AD-14-2
03844	S13_0AD-14-3
03845	S13_0AD-14-4
03846	S13_0AD-14-5
03847	S13_0AD-14-6
03848	S13_0AD-15-0
03849	S13_0AD-15-1
03850	S13_0AD-15-2
03851	S13_0AD-15-3
03852	S13_0AD-16-0	S13_0AD-16-1
03853	S13_0AD-16-2
03854	S13_0AD-16-3
03855	S13_0AD-16-4
03856	S13_0AD-16-5
03857	S13_0AD-16-6
03858	S13_0AD-16-7
03859	S13_0AD-16-8
03860	S13_0AD-16-9
03861	S13_0AD-16-10
03862	S13_0AD-16-11
03863	S13_0AD-16-12
03864	S13_0AD-16-13
03865	S13_0AD-16-16
03866	S13_0AD-16-17
03867	S13_0AD-17-0
03868	S13_0AD-18-0
03869	S13_0AD-18-2
03870	S13_0AD-18-3
03871	S13_0AD-18-4
03872	S14_01E-0-0
03873	S14_01E-0-1
03874	S14_01E-0-2
03875	S14_01E-0-3
03876	S14_01E-0-4
03877	S14_01E-1-0
03878	S14_01E-2-0
03879	S14_01E-3-0
03880	S14_01E-3-1
03881	S14_01E-4-0
03882	S14_01E-5-0
03883	S14_01E-5-1
03884	S14_01E-6-0
03885	S14_01E-7-0
03886	S14_01E-8-0
03887	S14_01E-8-1
03888	S14_01E-9-0
03889	S14_01E-10-0
03890	S14_01E-11-0
03891	S14_01E-12-0
03892	S14_01E-13-0
03893	S14_01E-14-0
03894	S14_01E-15-0
03895	S14_01E-16-0
03896	S14_01E-16-1
03897	S14_01E-17-0
03898	S14_01E-17-1
03899	S14_01E-18-0
03900	S14_01E-19-0
03901	S14_01E-19-1
03902	S14_01E-20-0
03903	S14_01E-21-0
03904	S14_01E-22-0
03905	S14_01E-23-0
03906	S14_01E-24-0
03907	S14_01E-25-0
03908	S14_01E-26-0
03909	S14_01E-26-1
03910	S14_01E-27-0
03911	S14_01E-27-1
03912	S14_01E-28-0
03913	S14_01E-28-1
03914	S14_01E-30-0
03915	S14_01E-31-0	S14_01E-32-0
03916	S14_01E-31-1
03917	S14_01E-32-1
03918	S14_01E-33-0
03919	S14_01E-34-0
03920	S14_01E-34-1
03921	S14_01E-35-0
03922	S14_01E-36-0
03923	S14_01E-37-0
03924	S14_01E-38-0
03925	S14_01E-38-1
03926	S14_01E-39-0
03927	S14_01E-40-0
03928	S14_01E-41-0
03929	S14_01E-42-0
03930	S14_01E-43-0
03931	S14_01E-44-0
03932	S14_01E-45-0
03933	S14_01E-46-0
03934	S14_01E-46-1
03935	S14_01E-47-0
03936	S14_01E-48-0
03937	S14_01E-48-1
03938	S14_01E-50-0
03939	S14_01E-51-0
03940	S14_01E-51-1
03941	S14_01E-51-2
03942	S14_039-0-0
03943	S14_039-1-0
03944	S14_039-2-0
03945	S14_039-3-0
03946	S14_039-4-0
03947	S14_039-4-1
03948	S14_039-5-0
03949	S14_039-5-1
03950	S14_039-6-0
03951	S14_039-7-0
03952	S14_039-7-1
03953	S14_039-7-2
03954	S14_039-8-0
03955	S14_039-9-0
03956	S14_039-9-1
03957	S14_039-9-2
03958	S14_039-10-0
03959	S14_039-11-0
03960	S14_039-11-1
03961	S14_039-12-0
03962	S14_039-13-0
03963	S14_039-14-0
03964	S14_039-15-0
03965	S14_039-15-1
03966	S14_039-15-2
03967	S14_039-16-0
03968	S14_039-17-0
03969	S14_039-18-0
03970	S14_039-18-1
03971	S14_039-19-0
03972	S14_039-20-0
03973	S14_039-21-0
03974	S14_039-21-1
03975	S14_039-21-2
03976	S14_039-22-0
03977	S14_039-23-0
03978	S14_039-24-0
03979	S14_039-25-0
03980	S14_039-26-0
03981	S14_039-27-0
03982	S14_039-28-0
03983	S14_039-29-0
03984	S14_039-29-1
03985	S14_039-29-2
03986	S14_039-30-0
03987	S14_039-30-1
03988	S14_039-30-2
03989	S14_039-30-3
03990	S14_039-30-4
03991	S14_039-31-0
03992	S14_039-31-1
03993	S14_039-32-0
03994	S14_039-33-0
03995	S14_039-34-0
03996	S14_039-35-0
03997	S14_039-35-1
03998	S14_039-35-2
03999	S14_039-36-0
04000	S14_039-36-1
04001	S14_039-37-0
04002	S14_039-38-0
04003	S14_039-39-0
04004	S14_05D-0-0
04005	S14_05D-1-0
04006	S14_05D-2-0
04007	S14_05D-2-1
04008	S14_05D-3-0
04009	S14_05D-3-1
04010	S14_05D-4-0
04011	S14_05D-5-0
04012	S14_05D-7-0
04013	S14_05D-7-1
04014	S14_05D-7-2
04015	S14_05D-8-0
04016	S14_05D-8-1
04017	S14_05D-9-0
04018	S14_05D-10-0
04019	S14_05D-10-1
04020	S14_05D-11-0
04021	S14_05D-12-0
04022	S14_05D-12-1
04023	S14_05D-12-2
04024	S14_05D-12-3
04025	S14_05D-12-4
04026	S14_05D-12-5
04027	S14_05D-13-0
04028	S14_05D-13-1
04029	S14_05D-13-2
04030	S14_05D-13-3
04031	S14_05D-13-4
04032	S14_05D-13-5
04033	S14_05D-14-0
04034	S14_05D-14-1
04035	S14_05D-14-2
04036	S14_05D-14-3
04037	S14_05D-14-4
04038	S14_05D-14-5
04039	S14_05D-15-0
04040	S14_05D-15-1
04041	S14_05D-16-0
04042	S14_05D-17-0
04043	S14_05D-18-0	S14_05D-22-0
04044	S14_05D-19-0
04045	S14_05D-20-0	S14_05D-23-0
04046	S14_05D-21-0
04047	S14_05D-24-0
04048	S14_05D-25-0
04049	S14_05D-25-1
04050	S14_05D-25-2
04051	S14_05D-25-3
04052	S14_05D-26-0
04053	S14_05D-26-1
04054	S14_05D-27-0
04055	S14_05D-28-0
04056	S14_05D-29-0
04057	S14_05D-29-1
04058	S14_05D-30-0
04059	S14_05D-31-0	S14_05D-33-0
04060	S14_05D-32-0	S14_05D-34-0
04061	S14_05D-32-1
04062	S14_05D-35-0
04063	S14_05D-36-0
04064	S14_05D-37-0	S14_05D-39-0
04065	S14_05D-38-0	S14_05D-40-0
04066	S14_05D-41-0
04067	S14_05D-41-1
04068	S14_05D-42-0
04069	S14_05D-43-0	S14_05D-46-0	S14_05D-49-0	S14_05D-52-0
04070	S14_05D-44-0
04071	S14_05D-45-0
04072	S14_05D-47-0
04073	S14_05D-48-0
04074	S14_05D-50-0
04075	S14_05D-50-1
04076	S14_05D-51-0
04077	S14_05D-53-0
04078	S14_05D-54-0
04079	S14_05D-56-0
04080	S14_05D-57-0
04081	S14_05E-0-0
04082	S14_05E-0-1
04083	S14_05E-0-2
04084	S14_05E-1-0
04085	S14_05E-2-0
04086	S14_05E-3-0
04087	S14_05E-4-0
04088	S14_05E-5-0
04089	S14_05E-6-0
04090	S14_05E-7-0
04091	S14_05E-8-0
04092	S14_05E-9-0
04093	S14_05E-9-1
04094	S14_05E-10-0
04095	S14_05E-11-0
04096	S14_05E-12-0
04097	S14_05E-12-1
04098	S14_05E-13-0
04099	S14_05E-14-0
04100	S14_05E-14-1
04101	S14_05E-15-0
04102	S14_05E-16-0
04103	S14_05E-16-1
04104	S14_05E-17-0
04105	S14_05E-17-1
04106	S14_05E-18-0
04107	S14_05E-18-1
04108	S14_05E-19-0
04109	S14_05E-20-0
04110	S14_05E-21-0
04111	S14_05E-22-0
04112	S14_05E-23-0
04113	S14_05E-24-0
04114	S14_05E-25-0
04115	S14_05E-26-0
04116	S14_05E-27-0
04117	S14_05E-28-0
04118	S14_089-0-0
04119	S14_089-1-0
04120	S14_089-2-0
04121	S14_089-3-0
04122	S14_089-4-0
04123	S14_089-5-0
04124	S14_089-5-1
04125	S14_089-6-0
04126	S14_089-8-0
04127	S14_089-9-0
04128	S14_089-10-0
04129	S14_089-11-0
04130	S14_089-12-0
04131	S14_089-12-1
04132	S14_089-13-0
04133	S14_089-14-0
04134	S14_089-15-0
04135	S14_089-15-1
04136	S14_089-15-2
04137	S14_089-15-3
04138	S14_089-15-4
04139	S14_089-15-5
04140	S14_089-15-6
04141	S14_089-15-7
04142	S14_089-15-8
04143	S14_089-15-9
04144	S14_089-15-10
04145	S14_089-15-11
04146	S14_089-16-0
04147	S14_089-16-1
04148	S14_089-17-0
04149	S14_089-17-1
04150	S14_089-19-0
04151	S14_089-20-0
04152	S14_089-21-0
04153	S14_089-22-0
04154	S14_089-23-0
04155	S14_089-24-0
04156	S14_089-26-0
04157	S14_089-31-0
04158	S14_089-32-0
04159	S14_089-34-1
04160	S14_089-35-0
04161	S14_089-35-1
04162	S14_089-35-2
04163	S14_089-37-0
04164	S14_089-37-1
04165	S14_089-38-0
04166	S14_089-38-1
04167	S15_091-0-0
04168	S15_091-1-0
04169	S15_091-2-0
04170	S15_091-2-1
04171	S15_091-3-0
04172	S15_091-4-0
04173	S15_091-4-1
04174	S15_091-5-0
04175	S15_091-6-0
04176	S15_091-7-0
04177	S15_091-7-1
04178	S15_091-8-0
04179	S15_091-9-0	S15_091-10-0
04180	S15_091-9-1	S15_091-10-1
04181	S15_091-11-0
04182	S15_091-11-1
04183	S15_091-11-2
04184	S15_091-12-0
04185	S15_091-12-1
04186	S15_091-12-2
04187	S15_091-13-0
04188	S15_091-14-0
04189	S15_091-14-1
04190	S15_091-14-2
04191	S15_091-14-3
04192	S15_091-14-4
04193	S15_091-15-0
04194	S15_091-16-0
04195	S15_091-17-0
04196	S15_091-17-1
04197	S15_091-17-2
04198	S15_091-17-3
04199	S15_091-18-0
04200	S15_091-19-0
04201	S15_091-19-1
04202	S15_091-19-2
04203	S15_091-20-0
04204	S15_091-21-0
04205	S15_091-21-1
04206	S15_091-21-2
04207	S15_091-21-3
04208	S15_091-22-0
04209	S15_091-23-0
04210	S15_091-23-1
04211	S15_091-24-0
04212	S15_091-25-0
04213	S15_091-26-0
04214	S15_091-26-1
04215	S15_091-27-0	S15_091-28-0
04216	S15_091-27-1	S15_091-28-1
04217	S15_091-27-2	S15_091-28-2
04218	S15_091-27-3	S15_091-28-3
04219	S15_091-29-0
04220	S15_091-30-0
04221	S15_091-30-1
04222	S15_091-30-2
04223	S15_091-31-0
04224	S15_091-32-0
04225	S15_091-32-1
04226	S15_091-32-2
04227	S15_091-32-3
04228	S15_091-32-4
04229	S15_091-32-5
04230	S15_091-33-0
04231	S15_091-33-1
04232	S15_091-33-2
04233	S15_091-34-0
04234	S15_091-34-1
04235	S15_091-34-2
04236	S15_091-34-3
04237	S15_091-34-4
04238	S15_091-35-0
04239	S15_091-36-0
04240	S15_091-36-1
04241	S15_091-36-2
04242	S15_091-36-3
04243	S15_091-36-4
04244	S15_091-36-5
04245	S15_091-36-6
04246	S15_091-36-7
04247	S15_091-36-8
04248	S15_091-36-9
04249	S15_091-36-10
04250	S15_091-36-11
04251	S15_091-37-0
04252	S15_091-37-1
04253	S15_091-38-0
04254	S15_091-39-0
04255	S15_091-39-1
04256	S15_091-39-2
04257	S15_091-39-3
04258	S15_091-39-4
04259	S15_091-40-0
04260	S15_091-41-0
04261	S15_091-41-1
04262	S15_091-42-0
04263	S15_091-42-1
04264	S15_091-42-2
04265	S15_091-42-3
04266	S15_091-42-4
04267	S15_091-42-5
04268	S15_091-42-6
04269	S15_091-42-7
04270	S15_091-42-8
04271	S15_091-42-9	S15_091-43-0
04272	S15_091-44-0
04273	S15_091-45-0
04274	S15_091-52-0
04275	S15_091-52-1
04276	S15_091-52-2
04277	S15_091-53-0	S15_091-54-0
04278	S15_091-54-2
04279	S15_091-54-3
04280	S15_091-54-4
04281	S15_091-54-5
04282	S15_091-54-6
04283	S15_091-54-7
04284	S15_091-54-8
04285	S15_091-55-0
04286	S15_091-56-0
04287	S15_091-56-1
04288	S15_091-56-2
04289	S15_091-57-0
04290	S15_091-58-0
04291	S15_091-58-1
04292	S15_091-58-2
04293	S15_091-58-4
04294	S15_091-58-5
04295	S15_091-59-0
04296	S15_091-59-1
04297	S15_091-60-1
04298	S15_091-60-2
04299	S15_091-60-3
04300	S15_091-61-0
04301	S15_091-61-1
04302	S15_091-61-2
04303	S15_091-61-3
04304	S15_091-61-4
04305	S15_091-61-5
04306	S15_091-61-6
04307	S15_091-61-7
04308	S15_091-61-8
04309	S15_091-61-9
04310	S15_091-61-10
04311	S15_091-62-0
04312	S15_091-62-1
04313	S15_091-62-2
04314	S15_091-62-3
04315	S15_091-62-4
04316	S15_091-62-5
04317	S15_091-62-6
04318	S15_091-62-7
04319	S15_091-62-8
04320	S15_091-62-9
04321	S15_091-62-10
04322	S15_091-62-11
04323	S15_091-62-12
04324	S15_091-62-13
04325	S15_091-62-15
04326	S15_091-62-16
04327	S15_091-62-17
04328	S15_091-62-18
04329	S15_091-62-20
04330	S15_091-62-21
04331	S15_091-62-22
04332	S15_091-62-23
04333	S15_091-62-24
04334	S15_091-64-0
04335	S15_091-65-0
04336	S15_091-67-1
04337	S15_091-68-0
04338	S15_091-68-1
04339	S15_091-70-0
04340	S15_091-74-0
04341	S15_091-75-0
04342	S15_091-76-0
04343	S15_091-77-0
04344	S15_091-77-1
04345	S15_091-77-2
04346	S15_091-77-3
04347	S15_0A7-0-0
04348	S15_0A7-0-1
04349	S15_0A7-0-2
04350	S15_0A7-0-3
04351	S15_0A7-0-4
04352	S15_0A7-0-5
04353	S15_0A7-0-6
04354	S15_0A7-1-0
04355	S15_0A7-1-1
04356	S15_0A7-1-2
04357	S15_0B4-0-0
04358	S15_0B4-0-1
04359	S15_0B4-0-2
04360	S15_0B4-0-3
04361	S15_0B4-0-4
04362	S15_0B4-0-5
04363	S15_0B4-0-6
04364	S15_0B4-0-7
04365	S15_0B4-0-8
04366	S15_0B4-0-9
04367	S15_0B4-0-10
04368	S15_0B4-0-11
04369	S15_0B4-0-12
04370	S15_0B4-0-13
04371	S15_0B4-1-0
04372	S15_0B4-1-1
04373	S15_0B4-1-2
04374	S15_0B4-1-3
04375	S15_0B4-1-4
04376	S15_0B4-1-5
04377	S15_0B4-1-7
04378	S15_0B4-1-8
04379	S15_0B4-1-9
04380	S15_0B4-1-10
04381	S15_0B4-1-11
04382	S15_0B4-1-12
04383	S15_0B4-1-13
04384	S15_0B4-1-14
04385	S15_0B4-1-15
04386	S15_0B4-1-16
04387	S15_0B4-1-17
04388	S15_0B4-1-18
04389	S15_0B4-1-19
04390	S15_0B4-1-20
04391	S15_0B4-1-21
04392	S15_0B4-1-23
04393	S15_0B4-1-24
04394	S15_0B4-1-26
04395	S15_0B4-1-27
04396	S15_0B4-1-28
04397	S15_0B4-2-0
04398	S15_0B4-2-1
04399	S15_0B4-2-2
04400	S15_0B4-2-3
04401	S15_0B4-3-0
04402	S15_0B4-3-1
04403	S15_0B4-4-0
04404	S15_0B4-4-1
04405	S15_0B5-0-0
04406	S15_0B5-0-1
04407	S15_0B5-0-2
04408	S15_0B5-0-3
04409	S15_0B5-0-4
04410	S15_0B5-0-5
04411	S15_0B5-0-6
04412	S15_0B5-0-7
04413	S15_0B5-0-8
04414	S15_0B5-0-9
04415	S15_0B5-0-10
04416	S15_0B5-0-11
04417	S15_0B5-1-0
04418	S15_0B5-1-1
04419	S15_0B5-2-0
04420	S15_0B5-2-1
04421	S15_0B5-3-0
04422	S15_0B5-4-0
04423	S15_0B5-5-0
04424	S15_0B5-6-0
04425	S15_0B5-7-0
04426	S15_0B5-8-0
04427	S15_0B5-8-1
04428	S15_0B5-9-0
04429	S15_0B5-9-1
04430	S15_0B5-9-2
04431	S15_0B5-9-3
04432	S15_0B5-10-0
04433	S15_0B5-10-1
04434	S15_0B5-10-2
04435	S15_0B5-10-3
04436	S15_0B5-10-4
04437	S15_0B5-10-5
04438	S15_0B5-10-6
04439	S15_0B5-10-7
04440	S15_0BB-0-0
04441	S15_0BB-0-1
04442	S15_0BB-0-2
04443	S15_0BB-0-3
04444	S15_0BB-1-0	S15_0BB-5-0	S15_0BB-6-0	S15_0BB-7-0	S15_0BB-8-0	S15_0BB-11-0	S15_0BB-12-0	S15_0BB-13-0	S15_0BB-14-0	S15_0BB-15-0	S15_0BF-0-0	S15_0BF-3-0	S15_0BF-5-0
04445	S15_0BB-2-0	S15_0BB-3-0	S15_0BB-4-0	S15_0BB-9-0	S15_0BB-10-0	S15_0BF-1-0	S15_0BF-2-0	S15_0BF-4-0	S15_0BF-6-0
04446	S15_0BB-16-0	S15_0BF-10-0
04447	S15_0BB-17-0	S15_0BF-11-0
04448	S15_0BB-18-0	S15_0BF-12-0
04449	S15_0BB-19-0	S15_0BB-26-0	S15_0BF-13-0	S15_0BF-20-0
04450	S15_0BB-19-1	S15_0BB-26-1	S15_0BF-13-1	S15_0BF-20-1
04451	S15_0BB-20-0	S15_0BF-14-0
04452	S15_0BB-21-0	S15_0BF-15-0
04453	S15_0BB-22-0	S15_0BF-16-0
04454	S15_0BB-23-0	S15_0BF-17-0
04455	S15_0BB-23-1	S15_0BF-17-1
04456	S15_0BB-23-2	S15_0BF-17-2
04457	S15_0BB-24-0	S15_0BF-18-0
04458	S15_0BB-25-0	S15_0BF-19-0
04459	S15_0BF-7-0
04460	S15_0BF-7-1
04461	S15_0BF-7-2
04462	S15_0BF-7-3
04463	S15_0BF-7-4
04464	S15_0BF-7-5
04465	S15_0BF-7-6
04466	S15_0BF-8-0
04467	S15_0BF-8-1
04468	S15_0BF-8-2
04469	S15_0BF-9-0
04470	S15_0BF-9-1
04471	S15_0BF-9-2
04472	S15_0C5-0-0
04473	S15_0C5-0-1
04474	S15_0C5-0-2
04475	S15_0C5-0-3
04476	S15_0C5-0-4
04477	S15_0C5-0-5
04478	S15_0C5-0-6
04479	S15_0C5-1-0
04480	S15_0C5-1-1
04481	S15_0C5-1-2
04482	S15_0C5-1-3
04483	S15_0C5-1-4
04484	S15_0C5-1-5
04485	S15_0C5-1-6
04486	S15_0C5-1-7
04487	S15_0C5-1-8
04488	S15_0C5-1-9
04489	S15_0C5-1-10
04490	S15_0C5-1-11
04491	S15_0C5-1-12
04492	S15_0C5-1-13
04493	S15_0C5-1-14
04494	S15_0C5-1-15
04495	S15_0C5-2-0	S15_0C5-3-0
04496	S15_0C5-2-1
04497	S15_0C5-4-0
04498	S15_0C5-5-0
04499	S15_0C5-5-1
04500	S15_0C5-6-0
04501	S15_0C5-6-1
04502	S15_0C5-7-0
04503	S15_0C5-8-0
04504	S15_0C5-9-0
04505	S15_0C5-10-0
04506	S15_0C5-11-0
04507	S15_0C5-11-1
04508	S15_0C5-11-2
04509	S15_0C5-11-3
04510	S15_0C5-11-4
04511	S15_0C5-11-5
04512	S15_0C5-11-6
04513	S15_0C5-11-7
04514	S15_0C5-11-8
04515	S15_0C5-11-9
04516	S15_0C5-11-10
04517	S15_0C5-11-11
04518	S15_0C5-11-12
04519	S15_0C5-11-13	S15_0C5-13-18
04520	S15_0C5-11-14
04521	S15_0C5-12-0
04522	S15_0C5-12-1
04523	S15_0C5-12-2
04524	S15_0C5-12-3
04525	S15_0C5-12-4
04526	S15_0C5-12-5
04527	S15_0C5-12-6
04528	S15_0C5-12-7
04529	S15_0C5-13-0
04530	S15_0C5-13-1
04531	S15_0C5-13-2
04532	S15_0C5-13-3
04533	S15_0C5-13-4
04534	S15_0C5-13-5
04535	S15_0C5-13-6
04536	S15_0C5-13-7
04537	S15_0C5-13-8
04538	S15_0C5-13-9
04539	S15_0C5-13-10
04540	S15_0C5-13-11
04541	S15_0C5-13-12
04542	S15_0C5-13-13
04543	S15_0C5-13-14
04544	S15_0C5-13-15
04545	S15_0C5-13-16
04546	S15_0C5-13-17
04547	S15_0C5-13-19
04548	S15_0C5-13-20
04549	S15_0C5-14-0
04550	S15_0C5-15-0
04551	S15_0C5-15-1
04552	S15_0C5-15-2
04553	S15_0C5-15-3
04554	S15_0C5-15-4
04555	S15_0C5-16-0
04556	S15_0C5-16-1
04557	S15_0C5-16-2
04558	S15_0C5-16-3
04559	S15_0C5-16-4
04560	S15_0C5-16-5
04561	S15_0C5-16-6
04562	S15_0C5-16-7
04563	S15_0C5-16-8
04564	S16_02F-0-0
04565	S16_02F-0-1
04566	S16_02F-0-2
04567	S16_02F-0-3
04568	S16_02F-0-4
04569	S16_02F-0-5
04570	S16_02F-0-6
04571	S16_02F-0-7
04572	S16_02F-0-8
04573	S16_02F-0-9
04574	S16_02F-0-10
04575	S16_02F-0-11
04576	S16_02F-0-12
04577	S16_02F-0-13
04578	S16_02F-0-14
04579	S16_02F-0-15
04580	S16_02F-0-16
04581	S16_02F-0-17
04582	S16_02F-0-18
04583	S16_02F-0-19
04584	S16_02F-0-20
04585	S16_02F-0-21
04586	S16_02F-0-22
04587	S16_02F-0-23
04588	S16_02F-0-25
04589	S16_02F-0-26
04590	S16_02F-0-27
04591	S16_02F-1-0
04592	S16_02F-1-1
04593	S16_02F-2-0
04594	S16_02F-2-1
04595	S16_02F-2-2
04596	S16_02F-2-3
04597	S16_02F-3-0
04598	S16_02F-3-1
04599	S16_02F-3-2
04600	S16_02F-3-3
04601	S16_02F-4-0
04602	S16_02F-4-1
04603	S16_02F-5-0
04604	S16_02F-5-1
04605	S16_02F-5-2
04606	S16_02F-5-3
04607	S16_02F-5-4
04608	S16_02F-6-0
04609	S16_02F-7-0
04610	S16_02F-7-1
04611	S16_02F-7-2
04612	S16_02F-8-0
04613	S16_02F-8-1
04614	S16_02F-9-0
04615	S16_02F-9-1
04616	S16_02F-9-2
04617	S16_02F-10-0
04618	S16_02F-10-1
04619	S16_02F-10-2
04620	S16_02F-11-0
04621	S16_02F-11-1
04622	S16_02F-11-2
04623	S16_02F-12-0
04624	S16_02F-12-1
04625	S16_02F-12-2
04626	S16_02F-12-3
04627	S16_02F-12-4
04628	S16_02F-12-6
04629	S16_02F-12-7
04630	S16_02F-12-8
04631	S16_02F-12-9
04632	S16_051-0-0
04633	S16_051-0-1
04634	S16_051-1-0
04635	S16_051-1-1
04636	S16_051-1-2
04637	S16_051-1-3
04638	S16_051-2-0
04639	S16_051-2-1
04640	S16_051-2-2
04641	S16_051-3-0
04642	S16_051-3-1
04643	S16_051-3-2
04644	S16_051-4-0
04645	S16_051-4-1
04646	S16_051-5-0
04647	S16_051-5-1
04648	S16_051-5-2
04649	S16_051-6-0
04650	S16_051-6-1
04651	S16_051-7-0
04652	S16_051-7-1
04653	S16_099-0-0
04654	S16_099-1-0
04655	S16_099-1-1
04656	S16_099-1-2
04657	S16_099-1-3
04658	S16_099-1-4
04659	S16_099-1-5
04660	S16_099-1-6
04661	S16_099-1-7
04662	S16_099-2-0
04663	S16_099-2-1
04664	S16_099-2-2
04665	S16_099-2-3
04666	S16_099-2-4
04667	S16_099-3-0
04668	S16_099-4-0
04669	S16_099-4-1
04670	S16_099-4-2
04671	S16_099-4-3
04672	S16_099-4-4
04673	S16_099-4-5
04674	S16_099-4-6
04675	S16_099-4-7
04676	S16_099-4-8
04677	S16_099-5-0
04678	S16_099-5-1
04679	S16_099-6-0
04680	S16_099-6-1
04681	S16_099-6-2
04682	S16_099-6-3
04683	S16_099-6-4
04684	S16_099-6-5
04685	S16_099-6-6
04686	S16_099-6-7
04687	S16_099-6-8
04688	S16_099-6-9
04689	S16_099-7-0
04690	S16_099-8-0
04691	S16_099-8-1
04692	S16_099-8-2
04693	S16_099-8-3
04694	S16_099-8-4
04695	S16_099-8-5
04696	S16_099-8-6
04697	S16_099-8-7
04698	S16_099-8-8
04699	S16_099-8-9
04700	S16_099-8-10
04701	S16_099-9-0
04702	S16_099-10-0	S16_099-11-0
04703	S16_099-10-1	S16_099-11-1
04704	S16_099-10-2	S16_099-11-2
04705	S16_099-10-3	S16_099-11-3
04706	S16_099-10-4	S16_099-11-4
04707	S16_099-10-5	S16_099-11-5
04708	S16_099-10-6
04709	S16_099-10-7
04710	S16_099-10-8
04711	S16_099-10-9
04712	S16_099-10-10	S16_099-11-10
04713	S16_099-10-11
04714	S16_099-10-12	S16_099-11-12
04715	S16_099-11-6
04716	S16_099-11-7
04717	S16_099-11-8
04718	S16_099-11-9
04719	S16_099-11-11
04720	S16_099-12-0
04721	S16_099-13-0
04722	S16_099-13-1
04723	S16_099-13-2
04724	S16_099-13-3
04725	S16_099-13-4
04726	S16_099-13-5
04727	S16_099-14-0
04728	S16_099-14-1
04729	S16_099-14-2
04730	S16_099-14-3
04731	S16_099-14-4
04732	S16_099-15-0
04733	S16_099-16-0
04734	S16_099-17-0
04735	S16_099-18-0
04736	S16_099-19-0
04737	S16_099-20-0
04738	S16_099-20-1
04739	S16_099-20-2
04740	S16_099-20-3
04741	S16_099-20-4
04742	S16_099-20-5
04743	S16_099-20-6
04744	S16_099-20-7
04745	S16_099-20-8
04746	S16_099-20-9
04747	S16_099-20-10
04748	S16_099-20-11
04749	S16_099-20-12
04750	S16_099-20-13
04751	S16_099-20-14
04752	S16_099-20-15
04753	S16_099-21-0
04754	S16_099-21-1
04755	S16_099-22-0
04756	S16_099-22-1
04757	S16_099-23-0
04758	S16_099-24-0
04759	S16_099-24-1
04760	S16_099-24-2
04761	S16_099-24-3
04762	S16_099-24-4
04763	S16_099-24-5
04764	S16_099-25-0
04765	S16_099-26-0
04766	S16_099-27-0
04767	S16_099-28-0
04768	S16_099-28-1
04769	S16_099-29-0
04770	S16_099-30-0
04771	S16_099-31-0
04772	S16_099-31-1
04773	S16_099-31-2
04774	S16_099-31-3
04775	S16_099-31-4
04776	S16_099-31-5
04777	S16_099-31-6
04778	S16_099-32-0
04779	S16_099-33-0
04780	S16_099-33-1
04781	S16_099-38-0
04782	S16_099-39-0
04783	S16_099-41-1
04784	S16_099-42-0
04785	S16_099-42-1
04786	S16_099-42-2
04787	S16_099-42-3
04788	S16_099-44-0
04789	S16_099-44-1
04790	S16_099-45-0
04791	S16_099-45-1
04792	S16_099-45-2
04793	S16_099-46-0
04794	S16_099-46-1
04795	S16_099-46-2
04796	S16_099-47-0
04797	S16_099-47-1
04798	S16_099-47-2
04799	S16_099-47-3
04800	S16_099-47-4
04801	S16_099-48-0
04802	S16_099-49-0
04803	S16_099-50-0
04804	S16_099-51-0
04805	S16_099-52-0
04806	S16_099-53-0
04807	S16_0C7-0-0
04808	S16_0C7-0-1
04809	S16_0C7-0-2
04810	S16_0C7-0-3
04811	S16_0C7-0-4
04812	S16_0C7-0-5
04813	S16_0C7-0-6
04814	S16_0C7-0-7
04815	S16_0C7-0-8
04816	S16_0C7-1-0
04817	S16_0C7-1-1
04818	S16_0C7-1-2
04819	S16_0C7-1-3
04820	S16_0C7-2-0
04821	S16_0C7-2-1
04822	S16_0C7-2-2
04823	S16_0C7-2-3
04824	S16_0C7-2-4
04825	S16_0C7-2-5
04826	S16_0C7-2-6
04827	S16_0C7-2-7
04828	S16_0C7-2-8
04829	S16_0C7-2-9
04830	S16_0C7-2-10
04831	S16_0C7-2-11
04832	S16_0C7-2-12
04833	S16_0C7-2-13
04834	S16_0C7-2-14
04835	S16_0C7-2-15
04836	S16_0C7-2-16
04837	S16_0C7-2-17
04838	S16_0C7-2-18
04839	S16_0C7-3-0
04840	S16_0C7-4-0
04841	S16_0C7-4-1
04842	S16_0C7-4-2
04843	S16_0C7-4-3
04844	S16_0C7-4-4
04845	S16_0C7-4-5
04846	S16_0C7-4-6
04847	S16_0C7-5-0
04848	S16_0C7-6-0
04849	S16_0C7-6-1
04850	S16_0C7-6-2
04851	S16_0C7-6-3
04852	S16_0C7-6-4
04853	S16_0C7-6-5
04854	S16_0C7-6-6
04855	S16_0C7-6-7
04856	S16_0C7-6-8
04857	S16_0C7-6-9
04858	S16_0C7-6-10
04859	S16_0C7-6-11
04860	S16_0C7-6-12
04861	S16_0C7-6-13
04862	S16_0C7-6-14
04863	S16_0C7-6-15
04864	S16_0C7-6-16
04865	S16_0C7-6-17
04866	S16_0C7-6-18
04867	S16_0C7-6-19
04868	S16_0C7-6-20
04869	S16_0C7-7-0
04870	S16_0C7-7-1
04871	S16_0C7-7-2
04872	S16_0C7-8-0
04873	S16_0C7-8-1
04874	S16_0C7-8-2
04875	S16_0C7-8-3
04876	S16_0C7-9-0
04877	S16_0C7-9-1
04878	S16_0C7-9-2
04879	S16_0C7-9-3
04880	S16_0C7-9-4
04881	S16_0C7-9-5
04882	S16_0C7-9-6
04883	S16_0C7-9-7
04884	S16_0C7-9-8
04885	S16_0C7-9-9
04886	S16_0C7-9-10
04887	S16_0C7-9-11
04888	S16_0C7-9-12
04889	S16_0C7-10-0
04890	S16_0C7-10-1
04891	S16_0C7-11-0
04892	S16_0C7-11-1
04893	S16_0C7-11-2
04894	S16_0C7-11-3
04895	S16_0C7-11-4
04896	S16_0C7-11-5
04897	S16_0C7-12-0
X0001	EXE-5-0
X0002	EXE-6-0
X0003	EXE-7-0
X0004	EXE-8-0
X0005	EXE-9-0
X0006	EXE-10-0
X0007	EXE-11-0
X0008	EXE-12-0
X0009	EXE-13-0
X0010	EXE-14-0
X0011	EXE-15-0
X0012	EXE-16-0
X0013	EXE-17-0
X0014	EXE-18-0
X0015	EXE-19-0
X0016	EXE-20-0
X0017	EXE-21-0
X0018	EXE-22-0
X0019	EXE-23-0
X0020	EXE-24-0
X0021	EXE-25-0
X0022	EXE-26-0
X0023	EXE-27-0
X0024	EXE-32-0	EXE-36-0
X0025	EXE-33-0
X0026	EXE-34-0
X0027	EXE-35-0
X0028	EXE-37-0
X0029	EXE-38-0
X0030	EXE-39-0
X0031	EXE-40-0
X0032	EXE-41-0
X0033	EXE-42-0
X0034	EXE-43-0
X0035	EXE-44-0
X0036	EXE-45-0
X0037	EXE-46-0
X0038	EXE-47-0
X0039	EXE-48-0
X0040	EXE-49-0
X0041	EXE-50-0
X0042	EXE-51-0
X0043	EXE-52-0
X0044	EXE-53-0
X0045	EXE-54-0
X0046	EXE-55-0
X0047	EXE-56-0
X0048	EXE-57-0
X0049	EXE-58-0
X0050	EXE-59-0
X0051	EXE-60-0
X0052	EXE-61-0
X0053	EXE-62-0
X0054	EXE-63-0
X0055	EXE-64-0
X0056	EXE-65-0
X0057	EXE-66-0
X0058	EXE-67-0
X0059	EXE-68-0
X0060	EXE-69-0
X0061	EXE-70-0
X0062	EXE-71-0
X0063	EXE-72-0
X0064	EXE-73-0
X0065	EXE-74-0
X0066	EXE-75-0
X0067	EXE-76-0
X0068	EXE-77-0
X0069	EXE-78-0
X0070	EXE-79-0
X0071	EXE-80-0
X0072	EXE-81-0
X0073	EXE-82-0
X0074	EXE-83-0
X0075	EXE-84-0
X0076	EXE-85-0
X0077	EXE-86-0
X0078	EXE-87-0
X0079	EXE-88-0
X0080	EXE-89-0
X0081	EXE-90-0
X0082	EXE-91-0
X0083	EXE-92-0
X0084	EXE-93-0
X0085	EXE-94-0
X0086	EXE-95-0
X0087	EXE-96-0
X0088	EXE-97-0
X0089	EXE-98-0
X0090	EXE-99-0
X0091	EXE-100-0
X0092	EXE-101-0
X0093	EXE-102-0
X0094	EXE-103-0
X0095	EXE-104-0
X0096	EXE-105-0
X0097	EXE-106-0
X0098	EXE-107-0
X0099	EXE-108-0
X0100	EXE-109-0
X0101	EXE-113-0
X0102	EXE-119-0
X0103	EXE-125-0
X0104	EXE-131-0
X0105	EXE-137-0
X0106	EXE-143-0
X0107	EXE-149-0
X0108	EXE-155-0
X0109	EXE-161-0
X0110	EXE-167-0
X0111	EXE-173-0
X0112	EXE-179-0
X0113	EXE-185-0
X0114	EXE-191-0
X0115	EXE-197-0
X0116	EXE-203-0
X0117	EXE-209-0
X0118	EXE-215-0
X0119	EXE-221-0
X0120	EXE-227-0
X0121	EXE-233-0
X0122	EXE-239-0
X0123	EXE-245-0
X0124	EXE-251-0
X0125	EXE-257-0
X0126	EXE-263-0
X0127	EXE-269-0
X0128	EXE-275-0
X0129	EXE-281-0
X0130	EXE-286-0
X0131	EXE-287-0
X0132	EXE-288-0
X0133	EXE-289-0
X0134	EXE-289-1
X0135	EXE-289-2
X0136	EXE-290-0
X0137	EXE-291-0
X0138	EXE-292-0
X0139	EXE-292-1
X0140	EXE-293-0
X0141	EXE-293-1
X0142	EXE-294-0
X0143	EXE-294-1
X0144	EXE-294-2
X0145	EXE-296-0
X0146	EXE-296-1	EXE-297-1
X0147	EXE-296-2	EXE-297-2
X0148	EXE-296-3	EXE-297-3
X0149	EXE-297-0
X0150	EXE-299-0
X0151	EXE-299-1	EXE-300-1
X0152	EXE-299-2	EXE-300-2
X0153	EXE-300-0
X0154	EXE-302-0
X0155	EXE-302-1	EXE-303-1
X0156	EXE-302-2	EXE-303-2
X0157	EXE-303-0
X0158	EXE-305-0
X0159	EXE-305-1	EXE-306-1
X0160	EXE-305-2	EXE-306-2
X0161	EXE-306-0
X0162	EXE-308-0
X0163	EXE-308-1	EXE-309-1
X0164	EXE-308-2	EXE-309-2
X0165	EXE-308-3	EXE-309-3
X0166	EXE-309-0
X0167	EXE-311-0
X0168	EXE-311-1	EXE-312-1
X0169	EXE-311-2	EXE-312-2
X0170	EXE-312-0
X0171	EXE-314-0
X0172	EXE-314-1	EXE-315-1
X0173	EXE-314-2	EXE-315-2
X0174	EXE-315-0
X0175	EXE-317-0
X0176	EXE-317-1	EXE-318-1
X0177	EXE-317-2	EXE-318-2
X0178	EXE-318-0
X0179	EXE-320-0
X0180	EXE-320-1
X0181	EXE-320-2
X0182	EXE-320-3
X0183	EXE-320-4
X0184	EXE-320-5
X0185	EXE-320-6
X0186	EXE-321-0
X0187	EXE-321-1
X0188	EXE-321-2
X0189	EXE-322-0
X0190	EXE-322-1
X0191	EXE-322-2
X0192	EXE-323-0
X0193	EXE-323-1
X0194	EXE-323-2
X0195	EXE-324-0
X0196	EXE-324-1
X0197	EXE-324-2
X0198	EXE-324-3
X0199	EXE-324-4
X0200	EXE-324-5
X0201	EXE-324-6
X0202	EXE-324-7
X0203	EXE-325-0
X0204	EXE-325-1
X0205	EXE-325-2
X0206	EXE-325-3
X0207	EXE-325-4
X0208	EXE-325-5
X0209	EXE-326-0
X0210	EXE-326-1
X0211	EXE-326-2
X0212	EXE-326-3
X0213	EXE-326-4
X0214	EXE-326-5
X0215	EXE-327-0
X0216	EXE-327-1
X0217	EXE-327-2
X0218	EXE-327-3
X0219	EXE-327-4
X0220	EXE-327-5
X0221	EXE-328-0
X0222	EXE-328-1
X0223	EXE-328-2
X0224	EXE-328-3
X0225	EXE-328-4
X0226	EXE-328-5
X0227	EXE-329-0
X0228	EXE-329-1
X0229	EXE-329-2
X0230	EXE-329-3
X0231	EXE-329-4
X0232	EXE-329-5
X0233	EXE-330-0
X0234	EXE-330-1
X0235	EXE-330-2
X0236	EXE-330-3
X0237	EXE-330-4
X0238	EXE-330-5
X0239	EXE-331-0
X0240	EXE-331-1
X0241	EXE-331-2
X0242	EXE-331-3
X0243	EXE-331-4
X0244	EXE-331-5
X0245	EXE-331-6
X0246	EXE-332-0
X0247	EXE-332-1
X0248	EXE-332-2
X0249	EXE-332-3
X0250	EXE-332-4
X0251	EXE-333-0
X0252	EXE-333-1
X0253	EXE-333-2
X0254	EXE-333-3
X0255	EXE-333-4
X0256	EXE-333-5
X0257	EXE-333-6
X0258	EXE-333-7
X0259	EXE-333-8
